city,zipcode,population,young_population,old_population,income_median,no_of_competitors,weighted_scores,rank
Morrisville,19067,52519,2491,8465,106698.445,2.0,30.75,1.0
West Chester,19380,50501,2176,10443,98631.62199999999,8.0,34.25,2.0
Media,19063,35439,1921,8598,102313.065,3.0,36.0,3.0
Warminster,18974,40405,1416,11228,93569.06,9.0,42.0,4.0
Downingtown,19335,48272,2561,6685,99397.75099999999,5.0,50.25,5.0
Newtown,18940,29164,1539,5635,131435.521,3.0,52.75,6.0
Bensalem,19020,54850,3005,8600,89294.245,6.0,53.75,7.0
Southampton,18966,35147,1671,8111,92852.745,5.0,56.0,8.0
West Chester,19382,54748,2705,9260,86076.444,7.0,60.5,9.0
Langhorne,19047,33199,1591,6892,93459.4,4.0,67.0,10.0
Mechanicsburg,17050,38993,2795,7045,86295.406,6.0,70.0,12.0
Wayne,19087,32592,1708,5178,105484.54199999999,3.0,70.0,12.0
Doylestown,18901,27875,981,5826,108179.016,4.0,70.0,12.0
Phoenixville,19460,41615,2697,6132,89937.384,7.0,71.25,14.5
Coatesville,19320,55219,3464,8816,81612.642,3.0,71.25,14.5
Washington,15301,49238,2445,10973,80886.217,5.0,71.5,16.0
Newtown Square,19073,20421,1407,4915,126361.248,1.0,72.75,17.0
Havertown,19083,36110,2745,6050,88518.875,3.0,74.0,18.0
Ambler,19002,31166,1415,5604,98290.45,3.0,75.0,19.0
Canonsburg,15317,39823,2461,7240,83146.781,5.0,80.0,20.0
Philadelphia,19147,38809,2415,4687,93894.18199999999,3.0,80.75,21.0
Lansdale,19446,58570,2738,12526,78180.6,11.0,81.75,22.0
Springfield,19064,25356,1418,4794,109922.45800000001,11.0,82.75,23.0
Glenside,19038,31615,1983,5172,91586.66699999999,1.0,83.5,24.5
Glen Mills,19342,20069,546,5068,142053.08800000002,7.0,83.5,24.5
Norristown,19403,46794,2325,9090,79219.367,10.0,86.0,26.0
Philadelphia,19146,40635,2766,4200,92091.213,3.0,88.0,27.0
Gibsonia,15044,28105,1573,5831,87791.485,2.0,88.25,28.0
Lititz,17543,44973,2672,9295,77303.32400000001,3.0,89.0,29.0
Malvern,19355,26920,1362,4206,116342.466,1.0,90.25,30.0
Philadelphia,19154,34946,2905,6062,81189.005,1.0,92.0,31.0
Quakertown,18951,35331,1877,6010,82992.665,4.0,95.25,32.0
Kennett Square,19348,23636,1146,5021,97238.90699999999,5.0,95.5,33.0
Lancaster,17601,53023,2985,11372,74758.432,10.0,98.0,34.0
Broomall,19008,20240,1389,4464,100048.031,3.0,98.5,35.0
Philadelphia,19119,29055,2024,5557,83004.218,1.0,99.25,36.5
Huntingdon Valley,19006,21897,936,4975,97853.634,4.0,99.25,36.5
Collegeville,19426,40870,1829,4821,90264.565,1.0,100.0,38.5
Blue Bell,19422,19018,1078,4458,103421.25,2.0,100.0,38.5
Philadelphia,19114,31448,1912,5758,82180.828,1.0,100.75,40.0
Easton,18045,26070,1214,6064,83328.784,4.0,101.25,41.0
Trevose,19053,26498,1412,4503,95506.84599999999,1.0,102.0,42.0
Philadelphia,19148,51754,3382,7581,74953.93,1.0,104.5,43.5
Harrisburg,17112,36080,1582,7752,77142.992,3.0,104.5,43.5
Pittsburgh,15241,20952,1170,3977,100456.546,9.0,111.25,45.0
Reading,19606,35750,1852,5852,78774.186,4.0,113.75,46.0
Lansdowne,19050,27485,1430,4935,85334.022,1.0,115.5,47.0
Sewickley,15143,21966,1017,5040,87079.62800000001,1.0,116.25,48.0
Perkasie,18944,26301,828,4151,99702.65800000001,3.0,116.75,49.0
Reading,19608,23304,1371,4043,93129.916,2.0,117.5,50.0
North Wales,19454,27562,1219,4926,84857.194,4.0,122.0,51.5
Philadelphia,19130,28010,1207,3835,95423.365,4.0,122.0,51.5
Philadelphia,19115,35504,2446,8673,71367.12700000001,1.0,123.75,53.0
Philadelphia,19151,32306,1809,4057,86457.19,1.0,124.0,54.0
Warrington Township,18976,20313,995,3990,94808.62800000001,5.0,124.75,55.0
Jenkintown,19046,17961,648,3902,106074.59800000001,5.0,125.0,56.0
Aston,19014,21012,1233,3513,99658.785,6.0,126.5,57.0
Lancaster,17603,65022,3880,9800,69520.22200000001,5.0,128.0,58.0
Philadelphia,19145,44508,2526,7166,72108.198,3.0,128.25,59.0
Wynnewood,19096,14262,1046,3294,115101.808,4.0,128.5,60.0
Philadelphia,19150,22916,1345,5208,80587.93400000001,1.0,128.75,61.0
New Hope,18938,13560,279,3861,122742.383,1.0,131.75,62.0
Hatboro,19040,22092,1399,4914,80191.652,1.0,133.25,63.0
Pittsburgh,15237,41264,2293,9163,69650.271,10.0,134.75,64.0
Bethlehem,18017,39705,2379,9507,69462.185,10.0,135.0,65.0
Philadelphia,19128,37677,1996,5964,73112.198,3.0,135.5,66.0
Wexford,15090,23970,1257,3201,99679.646,7.0,137.0,67.0
East Stroudsburg,18301,29694,1388,4507,81421.343,1.0,137.75,68.0
Doylestown,18902,21625,938,3050,116817.716,1.0,139.75,69.0
Philadelphia,19103,25113,668,5330,79336.238,3.0,142.0,70.0
Bryn Mawr,19010,21783,993,3907,87211.01699999999,1.0,143.75,71.0
Harrisburg,17110,25122,1247,4552,80494.69900000001,3.0,144.0,72.0
Philadelphia,19131,44649,2626,7222,68704.372,1.0,145.0,73.0
Coraopolis,15108,41447,1942,8376,68346.755,1.0,146.0,74.0
Marcus Hook,19061,20525,666,3793,92833.945,2.0,146.5,75.0
Allison Park,15101,25594,1787,5016,74564.46,3.0,147.5,76.0
Macungie,18062,26788,1385,5471,74444.52900000001,1.0,147.75,77.0
Reading,19610,15871,559,4373,85298.745,2.0,148.0,78.0
Harrisburg,17111,33261,1712,5523,72409.394,4.0,148.25,79.0
Reading,19605,18863,1082,3735,86481.961,2.0,148.5,80.0
Chalfont,18914,21888,1016,3197,96841.368,2.0,150.0,81.0
Middletown,17057,23157,1783,4218,77056.198,2.0,151.5,82.0
Nazareth,18064,25955,1493,5280,73604.546,2.0,153.25,83.0
King of Prussia,19406,26631,1543,4230,78273.75,6.0,153.5,84.0
Hummelstown,17036,22165,1186,3599,84990.396,1.0,154.5,85.0
Cranberry Township,16066,31231,2098,4553,74209.98700000001,8.0,156.25,86.0
Exton,19341,19133,1325,3273,86292.355,5.0,156.5,87.0
Mechanicsburg,17055,37130,1568,8124,67614.046,3.0,156.75,88.0
Clarks Summit,18411,21312,1092,5000,75180.946,2.0,157.25,89.5
Bethel Park,15102,29419,1541,6684,69644.465,11.0,157.25,89.5
Lebanon,17042,36949,2217,7630,66815.277,1.0,158.0,91.0
Gilbertsville,19525,17148,1280,2161,121552.714,1.0,159.0,92.0
Richboro,18954,11456,388,4192,85128.052,8.0,161.5,93.0
Bristol,19007,21443,1540,3338,80879.425,2.0,163.0,94.0
Reading,19607,22985,1256,4621,75432.548,4.0,163.5,95.0
Dallas,18612,18761,583,3671,88974.323,5.0,164.5,96.0
Irwin,15642,44333,2253,8426,65095.708,1.0,166.25,97.0
Plymouth Meeting,19462,15203,978,2886,93604.834,2.0,166.5,98.5
Pittsburgh,15238,12358,630,3041,98035.272,2.0,166.5,98.5
Pittsburgh,15228,17508,670,3020,96970.339,1.0,166.75,100.0
Pittsburgh,15236,28499,1609,6570,67091.312,4.0,170.75,101.5
Philadelphia,19136,34962,2598,4401,69816.164,1.0,170.75,101.5
Upper Darby,19082,42670,2911,3965,70157.55099999999,2.0,171.25,103.0
Levittown,19057,17240,1098,2346,100469.076,3.0,172.0,104.0
Stroudsburg,18360,27759,1080,5945,69072.08099999999,6.0,174.75,105.0
Manheim,17545,22174,1277,4290,74003.05900000001,1.0,175.5,106.0
Easton,18042,42387,2105,6034,66612.79400000001,3.0,175.75,107.0
Lebanon,17046,31587,1863,5370,67970.483,1.0,176.25,108.0
Elkins Park,19027,19216,671,3668,82600.366,4.0,176.75,109.0
New Holland,17557,14860,1155,3962,75118.076,1.0,178.0,110.0
Pittsburgh,15217,27566,1519,5238,69483.842,3.0,179.5,111.0
Camp Hill,17011,37718,1809,6848,65272.535,2.0,180.0,112.0
Pottstown,19465,17750,863,3002,87260.536,2.0,180.25,113.0
Philadelphia,19116,33976,1757,7151,64910.539000000004,5.0,182.25,114.0
Ephrata,17522,34400,2336,6342,64692.56200000001,1.0,184.25,115.0
Drexel Hill,19026,30357,2226,4276,69701.49799999999,4.0,184.5,116.0
Allentown,18104,44217,2469,8827,61991.883,5.0,187.25,117.5
Harrisburg,17109,24726,1796,3949,71456.357,3.0,187.25,117.5
Philadelphia,19125,25705,1781,2277,81783.106,1.0,188.5,119.0
Philadelphia,19123,17793,965,2071,101984.492,2.0,190.25,121.0
Levittown,19054,17040,961,2197,97325.112,2.0,190.25,121.0
York,17402,38026,2060,7209,63072.636,7.0,190.25,121.0
Lancaster,17602,50660,2798,8150,61731.802,4.0,191.5,123.0
Philadelphia,19111,67159,4899,10956,59526.87,2.0,193.0,124.0
Souderton,18964,14307,1111,2529,85838.689,4.0,193.25,125.0
Bala Cynwyd,19004,9246,476,2393,107892.06199999999,2.0,197.75,126.0
Pittsburgh,15235,34339,1960,6779,62514.867999999995,1.0,198.75,127.0
Palmyra,17078,22071,1363,4010,70242.06,2.0,201.0,128.0
Philadelphia,19152,37436,2929,6396,61497.578,2.0,201.75,129.0
Norristown,19401,41287,3247,5763,62028.997,6.0,202.0,130.0
Douglassville,19518,15619,841,2709,84274.382,2.0,202.75,131.5
Brookhaven,19015,16647,1028,2431,85128.935,4.0,202.75,131.5
Hanover,17331,52219,3251,10391,58694.084,5.0,203.5,133.0
Ardmore,19003,13641,980,2085,92791.46,2.0,203.75,134.0
Fairless Hills,19030,11989,618,2257,99194.295,2.0,204.5,135.5
Berwyn,19312,11338,428,2218,125944.98,1.0,204.5,135.5
Pittsburgh,15243,12991,674,3798,74514.02900000001,7.0,205.0,137.0
Monroeville,15146,27541,1256,6157,63196.63200000001,4.0,205.75,138.0
Conshohocken,19428,18215,712,2338,91140.10699999999,1.0,207.25,139.0
Oxford,19363,17170,1185,2389,81731.291,3.0,207.75,140.0
Pittsburgh,15239,20523,978,4119,69790.968,1.0,210.0,141.0
Chester Springs,19425,16445,983,1417,141781.576,1.0,212.0,142.0
Landenberg,19350,11606,697,1837,113521.67300000001,1.0,212.25,143.0
Murrysville,15668,13469,568,4063,71913.322,4.0,213.25,144.5
Hatfield,19440,19218,920,3103,75814.159,1.0,213.25,144.5
Carnegie,15106,19438,1153,4345,67714.47099999999,5.0,216.25,146.0
Narberth,19072,10008,575,1888,114325.095,1.0,216.75,147.5
Pottstown,19464,47040,3016,6874,58531.9,4.0,216.75,147.5
Philadelphia,19106,13536,362,2521,91691.85,2.0,217.0,149.0
Allentown,18103,46884,2923,7910,57955.662000000004,6.0,218.5,150.0
Mars,16046,17044,1108,1728,93203.004,2.0,218.75,151.0
Latrobe,15650,26975,1037,6265,61944.075,5.0,219.0,152.5
Philadelphia,19138,33711,1595,5008,63830.097,1.0,219.0,152.5
West Grove,19390,13821,863,2697,78549.272,1.0,220.75,154.0
Wilkes-Barre,18702,40105,2487,6679,59034.898,1.0,222.0,155.0
Philadelphia,19149,58811,4818,6344,57153.392,3.0,222.75,156.0
Coopersburg,18036,14399,602,3075,76212.284,1.0,223.75,157.5
Chadds Ford Historic District,19317,10043,446,1942,110391.59,3.0,223.75,157.5
Pittsburgh,15229,14378,1243,2592,75149.345,1.0,224.25,159.0
Philadelphia,19118,10826,643,2473,82482.821,1.0,224.5,160.0
Easton,18040,16790,691,3451,72409.065,4.0,226.5,161.0
Willow Grove,19090,18202,1226,2862,72167.712,1.0,230.25,162.0
Levittown,19056,16153,901,2353,78304.866,2.0,232.0,163.0
Mount Joy,17552,20369,1482,3630,65610.161,1.0,233.75,164.0
Pennsburg,18073,10920,772,1933,88211.685,2.0,236.25,165.5
Elizabethtown,17022,31045,1296,6309,59023.582,1.0,236.25,165.5
Abington,19001,16871,1242,2528,72539.759,3.0,237.0,167.0
Dover,17315,26160,1388,5721,59508.3,5.0,239.5,168.0
Jamison,18929,10136,808,1189,174633.515,5.0,240.25,169.5
Avondale,19311,9541,780,1234,138589.022,3.0,240.25,169.5
Boyertown,19512,16736,890,3569,68230.277,1.0,240.5,171.0
Dresher,19025,6545,609,1433,125897.20800000001,2.0,241.5,172.0
Clifton Heights,19018,23009,1590,3501,64545.902,1.0,244.25,173.0
Pittsburgh,15216,22670,1449,3328,66063.7,3.0,245.25,174.0
Kutztown,19530,15939,787,2201,78917.76299999999,2.0,245.75,175.0
Darby Township,19023,22087,1051,2519,72879.827,3.0,247.25,176.0
Harrisburg,17104,19765,2665,2233,65146.108,2.0,247.5,177.0
Pittsburgh,15206,29197,1610,4833,60635.605,7.0,249.5,178.5
Swarthmore,19081,10075,575,1756,93371.985,1.0,249.5,178.5
Glenolden,19036,12984,1120,1867,78098.409,6.0,250.75,180.0
Moscow,18444,13938,493,2862,73258.306,1.0,251.0,181.5
Schwenksville,19473,17910,454,2227,83183.828,1.0,251.0,181.5
Kingston,18704,30181,1973,6094,56584.962,5.0,252.25,183.5
Willow Street,17584,10669,408,2821,74378.772,1.0,252.25,183.5
Greensburg,15601,56328,2043,13771,52869.405999999995,8.0,253.75,185.0
Lehighton,18235,18904,856,3873,65041.45,2.0,254.0,186.0
Red Lion,17356,21784,1124,3609,64945.801,2.0,254.5,187.0
Hawley,18428,11668,322,3375,70543.24799999999,4.0,254.75,188.0
Butler,16001,38363,1790,7983,54430.528,7.0,258.25,189.0
Leesport,19533,8378,277,1770,97524.41699999999,1.0,259.0,190.5
Wilkes-Barre,18706,15861,1241,3128,66065.946,1.0,259.0,190.5
Horsham,19044,16216,973,1923,77128.359,1.0,259.25,192.0
East Stroudsburg,18302,17499,936,2791,69405.459,3.0,259.75,193.0
Erie,16506,24163,1435,5167,58460.484000000004,1.0,260.0,194.0
Whitehall Township,18052,27896,1364,5247,58171.333,2.0,261.0,195.0
Ridley Park,19078,11379,653,1920,81253.87400000001,1.0,262.25,196.0
Wyncote,19095,7515,261,1811,94066.573,5.0,264.0,197.0
Bangor,18013,18880,844,3428,65367.172,1.0,266.25,198.0
Indiana,15701,33460,1214,5907,56272.475,2.0,267.5,199.0
Milford,18337,14192,547,2856,70022.665,2.0,271.0,200.0
York,17408,23402,1231,4856,57892.383,1.0,271.25,201.0
Philadelphia,19126,16609,702,2896,68652.806,1.0,271.5,202.0
Quarryville,17566,12147,1057,2116,71262.049,1.0,273.5,203.0
Temple,19560,8170,340,1667,91445.602,1.0,274.25,204.0
Beaver Falls,15010,27205,1519,5815,54991.685999999994,6.0,274.5,205.0
Chester,19013,35113,2680,4594,55065.503,5.0,275.25,206.0
Pittsburgh,15221,29451,1531,6478,53800.280999999995,6.0,276.75,207.0
Gettysburg,17325,28563,1247,6371,54139.389,2.0,277.0,208.0
York,17404,37280,2509,5278,53963.3,3.0,277.25,209.0
York,17403,39217,1827,6023,53664.248,6.0,280.75,210.0
Philadelphia,19120,74270,6498,8595,49832.56200000001,2.0,283.25,211.5
Erie,16509,26838,1180,5828,54780.375,2.0,283.25,211.5
Paoli,19301,6689,314,1521,93843.57699999999,4.0,284.25,213.5
New Kensington,15068,37442,1668,7547,52096.038,1.0,284.25,213.5
Hollidaysburg,16648,14374,608,3766,62248.041,1.0,285.5,215.0
Blairsville,15717,10003,447,2491,71544.372,1.0,287.5,216.0
Emmaus,18049,17601,946,3143,63174.492999999995,2.0,288.5,217.0
Greencastle,17225,20576,1430,3419,59307.15,2.0,291.0,218.0
Clairton,15025,15911,887,3485,61641.12,1.0,291.75,219.0
Hershey,17033,17969,643,3433,62813.005999999994,2.0,292.5,220.0
Pottsville,17901,22878,1156,4747,56146.982,4.0,295.5,221.0
Beaver,15009,15114,789,3718,60148.18900000001,1.0,296.5,222.0
Northampton,18067,17608,580,3692,61387.65900000001,2.0,297.5,223.0
Montoursville,17754,12392,796,2847,64182.373,1.0,298.25,224.0
Hellertown,18055,12000,525,2748,66143.77,2.0,298.5,225.0
Bethlehem,18018,31240,1576,5393,52764.932,4.0,302.5,227.0
Erie,16505,15615,573,3950,59132.763,2.0,302.5,227.0
Pittsburgh,15218,13495,630,2419,67700.601,1.0,302.5,227.0
Pittsburgh,15226,13925,742,2863,63499.427,1.0,304.5,229.0
Scranton,18505,21671,1445,4096,55855.191,3.0,304.75,230.0
Philadelphia,19124,71858,6074,6598,47770.242999999995,1.0,305.5,231.0
Reading,19601,33382,2967,3712,53131.96,1.0,306.0,232.0
Shippensburg,17257,29164,1239,5363,53426.424000000006,2.0,306.5,233.0
Reading,19604,29069,1986,2623,57957.622,1.0,306.75,234.0
Columbia,17512,17802,1160,4035,56004.432,2.0,308.0,235.0
Spring Grove,17362,13088,764,2959,62199.44,1.0,308.75,236.0
Mount Pleasant,15666,15750,818,3874,57596.99400000001,1.0,309.75,237.0
Philadelphia,19142,29864,2095,2421,57967.667,1.0,310.0,238.0
Spring City,19475,11457,865,1567,72104.984,1.0,311.75,239.0
State College,16801,45527,1565,5132,52363.894,5.0,313.0,240.0
Philadelphia,19144,44968,3252,5994,49115.504,4.0,314.0,241.5
Carlisle,17013,36627,2254,7186,48710.232,5.0,314.0,241.5
New Castle,16105,15147,715,3744,57932.277,3.0,314.25,243.0
South Park Township,15129,10363,449,1913,72348.242,1.0,316.0,244.0
Pittsburgh,15205,21379,1511,3458,56109.212,4.0,316.75,245.0
Royersford,19468,25284,1344,3827,55072.93900000001,5.0,317.0,246.0
Ellwood City,16117,16285,938,3493,57768.682,2.0,317.25,247.0
Pittsburgh,15212,27067,1527,4177,53722.047999999995,2.0,319.75,248.0
Belle Vernon,15012,15243,796,3595,57607.84099999999,2.0,320.25,249.0
Lake Ariel,18436,12960,744,3122,60008.667,1.0,320.5,250.0
Edinboro,16412,10041,465,1481,77594.036,1.0,321.0,251.0
Schnecksville,18078,8050,261,1601,79262.437,1.0,321.75,252.5
Pittsburgh,15211,10457,448,1776,72982.275,1.0,321.75,252.5
Kittanning,16201,16645,971,3569,56815.356,1.0,322.0,254.0
Glenshaw,15116,14088,659,3492,58308.707,5.0,322.5,255.0
Duncannon,17020,9122,520,1804,71967.2,1.0,323.75,256.0
Tunkhannock,18657,11575,580,2449,64879.794,2.0,324.0,257.0
Scranton,18512,11550,366,2159,69270.557,2.0,325.25,258.0
Wind Gap,18091,6155,274,1467,79477.938,1.0,326.0,259.0
Nottingham,19362,5844,329,1201,87470.53,1.0,326.25,260.0
Shrewsbury,17361,6544,262,1971,72068.00200000001,2.0,327.25,261.0
Etters,17319,11440,710,1576,71313.79400000001,1.0,328.25,262.0
Pipersville,18947,6356,48,1294,94217.756,1.0,334.5,263.0
Philadelphia,19139,45198,3489,5904,45889.876,5.0,336.75,264.0
Williamsport,17701,43068,2219,7841,44970.447,4.0,338.5,265.0
Bellefonte,16823,30978,1198,5663,49351.861,2.0,338.75,266.0
New Cumberland,17070,16609,646,2788,59606.55,2.0,341.0,267.0
Export,15632,8316,386,1741,70668.967,1.0,341.5,268.0
Halifax,17032,7930,523,1567,71143.495,1.0,342.5,269.0
Pittston,18640,16917,768,3350,56381.670999999995,7.0,343.25,270.0
Scranton,18509,13786,650,2294,62772.21599999999,1.0,343.75,271.5
Cheltenham,19012,6749,254,1104,88823.136,1.0,343.75,271.5
Scranton,18504,20632,1291,3308,54011.223,6.0,345.0,273.0
Sharon Hill,19079,9068,559,1115,76974.413,1.0,346.25,274.0
Warren,16365,17675,797,4199,52423.709,1.0,346.5,275.0
Altoona,16601,31825,1654,6225,46157.83,2.0,348.0,276.5
DuBois,15801,18871,923,3716,53539.82,1.0,348.0,276.5
Folsom,19033,8360,598,1150,74260.432,1.0,349.5,278.0
Lewisburg,17837,19665,833,4362,51324.107,1.0,351.25,279.0
Blandon,19510,8949,325,1094,82461.843,1.0,351.75,280.0
Pittsburgh,15210,26875,1193,3496,53077.136,3.0,352.0,281.5
Flourtown,19031,4390,220,1022,90618.207,4.0,352.0,281.5
Enola,17025,16511,562,2575,59910.462,2.0,352.5,283.0
Erie,16510,25299,1694,4340,49451.162000000004,3.0,353.5,284.0
Homestead,15120,18424,1592,3760,51056.59,5.0,353.75,285.0
Pittsburgh,15201,12922,485,1901,65692.601,1.0,355.0,286.5
Montrose,18801,8254,374,1881,67261.488,1.0,355.0,286.5
Bethlehem,18015,32936,1899,4438,48581.195,2.0,356.0,288.0
Uniontown,15401,30401,1637,6997,44294.886,5.0,356.75,289.5
Ambridge,15003,11212,569,2090,63394.935,2.0,356.75,289.5
Cheswick,15024,8555,430,1920,66136.756,1.0,357.0,291.0
Old Forge,18518,7909,544,1625,67559.777,1.0,358.25,292.5
Harrisburg,17113,10309,666,1380,68914.161,1.0,358.25,292.5
McKees Rocks,15136,22183,1506,3794,50542.867999999995,3.0,359.0,294.0
Berwick,18603,19441,718,4348,51097.941,2.0,359.25,295.0
Danville,17821,18773,1126,3896,51155.794,1.0,359.5,296.0
Altoona,16602,28609,1691,5004,47452.532999999996,4.0,359.75,297.0
Frackville,17931,8728,168,1252,79714.617,1.0,360.0,298.0
Pittsburgh,15234,13711,452,2846,57664.833,2.0,360.5,299.0
Shavertown,18708,8056,495,1867,65212.053,1.0,361.5,300.0
Philadelphia,19122,21067,904,1816,62239.998,1.0,362.25,301.0
Philadelphia,19134,61615,5205,5246,40641.261,1.0,363.75,302.0
Williamsport,17702,10568,616,2131,61615.124,1.0,366.5,303.0
Allentown,18102,50702,4418,4512,41744.25700000001,2.0,367.0,304.0
Hermitage,16148,15949,582,4234,51276.61,4.0,367.25,305.0
Hamburg,19526,11415,380,2280,62010.50700000001,1.0,368.5,306.0
Oakmont,15139,6504,300,1521,70505.12700000001,5.0,369.0,307.0
Nanticoke,18634,13212,560,2667,57025.403,2.0,369.5,308.5
Croydon,19021,9714,518,1175,71652.902,1.0,369.5,308.5
Towanda,18848,8703,601,2146,60778.527,3.0,372.25,310.5
Elizabeth,15037,10239,463,2494,58874.722,1.0,372.25,310.5
New Castle,16101,31405,1582,7093,41366.82,2.0,372.75,312.0
Girard,16417,8141,431,1469,68441.129,1.0,374.25,313.0
Clearfield,16830,13551,804,3103,53494.108,2.0,375.0,314.0
Hazleton,18201,26978,1584,4349,47075.530999999995,2.0,375.5,315.0
Olyphant,18447,10503,642,2495,56962.582,1.0,376.0,316.0
Meadville,16335,27120,1268,5864,43498.63,4.0,376.25,317.0
North East,16428,12313,706,2100,59605.174000000006,1.0,376.5,318.5
Zelienople,16063,7248,443,1640,65590.914,5.0,376.5,318.5
Dillsburg,17019,19159,886,3424,51994.654,1.0,376.75,320.0
Apollo,15613,13122,553,3353,53168.97900000001,1.0,377.75,321.0
Pittston,18643,13049,661,2770,55353.232,1.0,378.0,322.0
Bedford,15522,11196,407,2938,55566.489,1.0,379.25,323.5
Jersey Shore,17740,12306,680,2285,57755.047,1.0,379.25,323.5
Muncy,17756,12305,622,2204,58838.434,2.0,381.25,325.0
Jeannette,15644,18550,807,4148,49241.559,1.0,381.75,326.0
Hazleton,18202,11527,684,2628,55182.88400000001,1.0,382.75,327.0
Waynesboro,17268,29153,1727,4959,44137.472,2.0,383.25,328.0
Bloomsburg,17815,29705,1361,4645,45803.725,2.0,383.75,329.0
Northumberland,17857,7281,302,1953,62466.183,1.0,388.5,330.0
Johnstown,15905,19676,861,4651,46319.587999999996,2.0,392.25,331.0
Pittsburgh,15202,19261,919,3336,50636.429000000004,1.0,392.5,332.0
Punxsutawney,15767,14229,818,3218,51033.418,1.0,396.5,333.5
Carbondale,18407,13629,703,2936,52465.944,2.0,396.5,333.5
Chambersburg,17201,26362,1317,5572,40630.652,6.0,400.25,335.0
Natrona Heights,15065,11280,472,2475,55724.291,2.0,401.75,336.0
Erie,16508,16021,1042,2622,51634.114,4.0,404.0,337.5
Lock Haven,17745,18195,788,3310,49734.167,1.0,404.0,337.5
Parkesburg,19365,7496,582,979,68295.167,1.0,404.75,339.0
Ashland,17921,7208,261,1287,68347.181,1.0,405.25,340.0
Palmerton,18071,10362,366,2005,59045.66,1.0,406.0,341.0
Allentown,18106,6890,356,1719,61657.31200000001,4.0,407.75,342.0
Effort,18330,8635,355,867,73532.655,1.0,413.25,343.5
Monongahela,15063,11511,433,2441,54842.23,1.0,413.25,343.5
Tyrone,16686,12879,722,2353,53346.817,1.0,413.75,345.0
Huntingdon,16652,18469,604,3480,49014.90900000001,1.0,414.75,346.0
Freeland,18224,6113,299,1464,63352.684,1.0,415.25,347.0
West Mifflin,15122,19500,881,3942,45418.308,1.0,415.5,348.5
Waynesburg,15370,13994,554,2654,52341.791,2.0,415.5,348.5
Mercer,16137,12769,545,2413,53759.612,1.0,416.75,350.0
Woodlyn,19094,4280,187,641,92217.321,1.0,421.75,351.0
Somerset,15501,16150,853,3468,46981.63400000001,1.0,422.0,352.0
Selinsgrove,17870,15273,680,2925,49870.59,2.0,422.5,353.0
Philadelphia,19102,5335,33,896,82575.416,1.0,423.75,354.0
Archbald,18403,6768,394,1148,65533.505999999994,1.0,424.0,355.0
Sunbury,17801,15583,655,3242,48351.187999999995,1.0,425.5,356.0
Morgantown,19543,5816,222,685,82900.744,1.0,425.75,357.0
Reading,19611,10707,898,1752,55029.977999999996,1.0,426.0,358.0
Ottsville,18942,2805,36,823,85973.775,1.0,428.5,359.0
Connellsville,15425,18905,1011,3856,42997.272000000004,1.0,429.25,360.0
Plymouth,18651,8987,625,1650,56950.218,1.0,431.0,361.0
Lewistown,17044,21013,1133,4490,39811.687999999995,1.0,431.5,362.0
Grove City,16127,15263,535,2646,50736.275,1.0,432.25,363.0
Prospect Park,19076,6559,447,996,66120.57,2.0,433.0,364.0
Stewartstown,17363,8772,400,1609,58084.058,1.0,436.5,365.0
Allentown,18109,17425,1242,2380,48374.21400000001,6.0,438.25,366.0
Shermans Dale,17090,5636,354,1225,62434.59,1.0,442.0,367.0
Honesdale,18431,12133,507,3027,47903.78599999999,2.0,445.5,368.5
St. Marys,15857,12433,626,3048,46932.858,1.0,445.5,368.5
Slippery Rock,16057,14434,370,1583,57652.095,1.0,446.75,370.5
Tannersville,18372,2926,217,584,84031.285,1.0,446.75,370.5
Shickshinny,18655,5441,176,1340,62784.13200000001,1.0,448.0,372.0
Landisville,17538,7311,476,1409,57941.376,1.0,449.0,373.0
Johnstown,15904,16347,708,4361,38516.271,3.0,449.25,374.0
Reading,19602,16410,1420,1797,48663.304000000004,2.0,449.75,375.0
New Oxford,17350,12830,675,2878,46920.489,1.0,452.25,376.0
Millersburg,17061,7190,411,1591,56725.587999999996,1.0,453.25,377.0
Ebensburg,15931,9257,480,2151,52315.88,1.0,453.75,378.0
McKeesport,15132,20915,1109,4193,34933.092000000004,2.0,456.75,379.0
New Wilmington,16142,6349,413,1128,61319.422,1.0,457.0,380.0
Monessen,15062,7287,424,1670,55145.184,1.0,457.5,381.0
Philadelphia,19104,52480,2224,3771,30548.901,4.0,458.25,382.0
Greenville,16125,17056,900,4070,36711.291,1.0,459.0,383.0
Womelsdorf,19567,5628,351,922,64948.037000000004,2.0,461.75,384.5
McKeesport,15131,7960,228,2276,51939.86,1.0,461.75,384.5
State College,16803,24582,947,3001,42923.323,3.0,462.25,386.0
Wyoming,18644,7715,469,1834,52096.367999999995,1.0,474.5,387.0
Elizabethville,17023,3405,172,591,78475.506,1.0,475.0,388.0
Erie,16504,16571,817,2942,41360.093,2.0,477.0,389.0
Philadelphia,19107,14689,227,1485,56154.71900000001,6.0,479.75,390.0
Monaca,15061,12178,789,2151,47343.565,2.0,480.75,391.5
Wellsboro,16901,10136,447,2731,45046.584,2.0,480.75,391.5
Pittsburgh,15207,10522,754,2354,45610.942,1.0,481.0,393.5
Franklin,16323,15141,682,3619,37341.321,1.0,481.0,393.5
New Brighton,15066,12487,871,2614,42343.682,1.0,483.25,395.0
Bradford,16701,17072,901,3112,38789.873999999996,1.0,484.25,396.0
Philadelphia,19127,5610,274,309,91083.68,1.0,485.5,397.0
Milton,17847,11433,538,2207,47656.075999999994,1.0,489.75,398.0
Coudersport,16915,6099,252,1445,54985.152,1.0,490.0,399.0
Tamaqua,18252,10720,508,2190,47648.08900000001,1.0,492.0,400.0
Conneaut Lake,16316,4821,147,1095,60873.556,1.0,493.25,401.0
Manchester,17345,7737,536,1341,53357.275,2.0,494.75,402.0
Newport,17074,7220,353,1149,56788.334,1.0,498.0,403.0
Windber,15963,10103,463,2411,45333.072,1.0,498.25,404.5
Derry,15627,5955,202,1394,55335.748,1.0,498.25,404.5
Pittsburgh,15222,5468,34,560,85009.224,3.0,498.5,406.0
Oil City,16301,15044,665,3208,36391.741,2.0,499.25,407.0
Fayetteville,17222,10717,684,3039,37335.429,1.0,499.5,408.0
Sayre,18840,10756,565,1806,49020.515999999996,3.0,500.25,409.0
West Newton,15089,6476,263,1657,52253.445,1.0,501.0,410.0
Scranton,18508,12368,653,2392,42848.925,1.0,502.5,411.0
Scranton,18519,4997,284,926,59817.692,2.0,508.0,412.0
Harmony,16037,4558,253,891,61891.663,1.0,508.5,413.0
Lemoyne,17043,5503,490,657,60943.345,2.0,512.25,414.0
Everett,15537,8194,327,2173,46212.43,1.0,513.0,415.0
Pittsburgh,15232,12017,350,1196,54096.195,1.0,514.5,416.0
Susquehanna,18847,6011,482,1239,51942.0,1.0,517.0,417.0
Ford City,16226,7695,148,1773,50353.072,1.0,518.5,418.0
Brodheadsville,18322,3020,36,455,89814.85800000002,1.0,519.25,419.5
Walnutport,18088,8342,276,1667,50003.74400000001,1.0,519.25,419.5
Erie,16502,15818,974,2488,34420.068999999996,1.0,522.5,421.0
Nesquehoning,18240,3806,77,1027,60461.986,1.0,524.5,422.0
Philipsburg,16866,10362,336,2308,43554.179000000004,1.0,525.5,423.0
Pittsburgh,15223,6493,329,1269,51236.376,2.0,537.75,424.0
Delmont,15626,4854,120,1327,52749.62,1.0,540.5,425.0
Pittsburgh,15224,11079,386,1694,46104.93700000001,1.0,541.75,426.0
Corry,16407,10816,488,2478,36023.097,2.0,543.25,427.0
Charleroi,15022,9692,470,1889,42912.176,1.0,546.0,428.0
York,17401,16973,1395,1612,34126.57,1.0,546.75,429.5
Mifflinburg,17844,10504,677,1752,41623.81,1.0,546.75,429.5
Johnstown,15902,10905,536,2486,34049.282999999996,1.0,547.25,431.0
Shenandoah,17976,6787,382,1234,49865.59,1.0,547.75,432.0
Sharon,16146,13115,835,2249,32362.34,5.0,549.25,433.0
White Haven,18661,5055,178,1142,53359.042,1.0,551.25,434.0
Shoemakersville,19555,3344,169,638,63197.559,1.0,552.75,435.0
Mount Carmel,17851,7623,457,1668,44093.943,1.0,553.0,436.0
Portage,15946,6471,425,1713,43489.352,1.0,554.25,437.0
Turtle Creek,15145,6982,385,1459,47025.342000000004,1.0,554.75,438.0
Pittsburgh,15219,16101,878,1805,36605.442,1.0,558.25,439.0
Cresson,16630,4778,186,1014,53747.197,1.0,561.75,440.0
Mansfield,16933,6374,380,1373,46498.405,1.0,563.25,441.0
Rochester,15074,8190,467,1538,43988.842000000004,5.0,564.25,442.0
Pittsburgh,15213,27347,216,2536,33184.108,4.0,568.0,443.0
Roaring Spring,16673,5385,254,913,53648.415,1.0,570.0,444.0
Scottdale,15683,7680,211,1915,40956.48,1.0,571.0,445.0
Bentleyville,15314,3478,288,593,57957.02,1.0,575.75,446.0
Titusville,16354,10819,488,2181,31708.092,2.0,577.25,447.0
Erie,16503,15855,1256,1160,34659.83,1.0,581.0,448.0
Shamokin,17872,9413,665,1695,36127.534,2.0,581.25,449.0
Clarion,16214,10276,437,1431,41188.272000000004,1.0,592.75,450.0
Thorndale,19372,2042,101,424,67731.004,1.0,596.75,451.0
New Bethlehem,16242,4259,271,954,49357.77400000001,1.0,600.25,452.0
Midland,15059,4227,255,780,52287.705,1.0,606.75,453.5
Northern Cambria,15714,4509,262,864,50844.0,1.0,606.75,453.5
Sharpsville,16150,6760,314,1601,37360.873999999996,1.0,607.75,455.0
Pittsburgh,15203,10782,225,1082,46565.402,2.0,615.5,456.0
Kane,16735,5952,286,1400,38625.06,1.0,620.25,457.0
Fogelsville,18051,3217,138,545,57902.34400000001,1.0,624.0,458.0
Ridgway,15853,6379,302,1227,39341.645,1.0,636.0,459.0
Conway,15027,2287,105,575,56749.856,1.0,638.0,460.0
Blakeslee,18610,5247,271,908,45573.808,1.0,640.75,461.0
Erie,16507,9512,489,1187,33206.525,2.0,642.75,462.0
Glassport,15045,4338,314,664,48231.318,1.0,653.75,463.0
Port Allegany,16743,3898,198,654,49994.38200000001,1.0,657.0,464.0
Richeyville,15358,1058,67,171,82108.05900000001,1.0,658.0,465.0
Mount Union,17066,5284,340,987,38689.378,1.0,661.25,466.0
Johnsonburg,15845,2857,134,679,50450.413,1.0,663.0,467.0
Cresco,18326,3041,140,523,52849.904,1.0,675.0,468.0
Mahanoy City,17948,4702,482,673,40148.958,1.0,680.75,469.0
Farrell,16121,4632,341,999,31819.129,1.0,686.0,470.0
Emporium,15834,4107,179,1079,29685.952999999998,1.0,699.75,471.0
Pittsburgh,15233,3466,103,361,55270.154,1.0,715.25,472.0
Minersville,17954,4393,326,791,32694.871,1.0,718.0,473.0
Masontown,15461,4014,283,763,33603.587999999996,1.0,726.0,474.0
Nanty Glo,15943,3534,166,824,33837.337999999996,1.0,732.5,475.0
Lansford,18232,3761,404,552,34211.926,1.0,736.5,476.0
Wilkes-Barre,18701,3459,62,637,44990.545,1.0,737.75,477.0
California,15419,4333,99,773,33625.08,1.0,752.0,478.0
Allentown,18101,4738,385,361,37462.44,3.0,768.75,479.0
Johnstown,15901,3518,107,718,27582.766,1.0,777.75,480.0
Burnham,17009,1892,113,403,44129.049000000006,1.0,793.75,481.0
Grindstone,15442,2060,232,524,24493.959,1.0,800.75,482.0
Pocono Summit,18346,2322,93,274,49466.435999999994,1.0,817.5,483.0
Harrisburg,17101,2199,19,368,31135.271,1.0,909.75,484.0
Scranton,18503,1197,0,414,24483.793999999998,1.0,911.75,485.0
Erie,16501,1569,9,408,11273.073,1.0,924.5,486.0
Zieglersville,19492,456,0,387,19177.721999999998,1.0,931.25,487.0
Harleysville,19438,24812,1189,4367,89816.304,0.0,25120.75,488.0
Bethlehem,18020,21196,1121,3830,83162.967,0.0,25152.75,489.0
Telford,18969,14930,1013,2991,85503.927,0.0,25179.25,490.0
Lafayette Hill,19444,10855,572,2411,107228.17300000001,0.0,25189.0,491.0
Pittsburgh,15227,27774,1747,5036,67053.91900000001,0.0,25191.25,492.0
Bridgeville,15017,15363,811,3629,76231.33099999999,0.0,25195.75,493.0
Honey Brook,19344,12145,651,2659,88250.38900000002,0.0,25198.75,494.0
Philadelphia,19143,62927,4464,8883,59141.847,0.0,25199.25,495.0
Nether Providence Township,19086,12142,699,1983,106511.496,0.0,25209.25,496.0
Chambersburg,17202,30942,2054,5663,60712.7,0.0,25221.5,497.0
Garnet Valley,19060,11227,289,1937,139370.945,0.0,25225.0,498.0
Carlisle,17015,21898,1131,3974,66837.697,0.0,25226.75,499.0
Myerstown,17067,15111,956,3423,69926.55099999999,0.0,25233.5,500.0
Mountain Top,18707,15891,696,2658,75977.061,0.0,25237.5,501.5
Levittown,19055,13672,951,1907,84444.727,0.0,25237.5,501.5
Philadelphia,19141,34115,2136,5664,57326.823,0.0,25246.0,503.0
Haverford,19041,6277,121,1787,137475.997,0.0,25250.5,504.0
Annville,17003,12565,513,2640,75154.382,0.0,25252.5,505.0
Butler,16002,15509,794,3692,65644.75,0.0,25254.25,506.0
East Earl Township,17519,6859,589,1345,110182.897,0.0,25256.0,507.5
Saylorsburg,18353,12806,434,2344,79587.665,0.0,25256.0,507.5
Sellersville,18960,11484,388,2876,72404.049,0.0,25259.0,509.0
McDonald,15057,16834,1180,2539,69504.771,0.0,25259.25,510.5
Sarver,16055,8036,321,2146,84244.575,0.0,25259.25,510.5
Philadelphia,19153,12909,282,2118,85171.524,0.0,25260.25,512.0
Tobyhanna,18466,17531,1113,2230,71169.276,0.0,25266.25,513.5
Verona,15147,16693,968,4188,61089.914000000004,0.0,25266.25,513.5
Birdsboro,19508,15523,939,2743,68212.605,0.0,25268.5,515.5
Philadelphia,19135,36102,3165,3538,56956.03599999999,0.0,25268.5,515.5
Denver,17517,15974,917,2294,70871.27799999999,0.0,25273.0,517.0
Mohnton,19540,11342,777,1783,77415.322,0.0,25277.75,518.0
Fleetwood,19522,13531,499,2610,70796.729,0.0,25279.5,519.0
Drums,18222,9926,382,2052,78015.73,0.0,25281.75,520.0
Bernville,19506,7034,345,1398,97249.102,0.0,25282.25,521.0
Furlong,18925,6825,395,1144,132520.63199999998,0.0,25284.5,522.0
Philadelphia,19129,11408,931,1585,75319.33099999999,0.0,25289.0,523.0
Lincoln University,19352,11432,545,1031,103434.413,0.0,25291.75,524.0
Reinholds,17569,6422,802,887,94924.305,0.0,25292.0,525.0
Reading,19609,10066,655,1766,75156.041,0.0,25296.25,526.0
Effort,18058,9615,465,1897,76006.715,0.0,25296.75,527.0
York,17406,23326,1820,4083,55812.267,0.0,25297.0,528.0
Villanova,19085,8981,304,1056,224768.57,0.0,25298.5,529.5
Pittsburgh,15215,12637,661,2432,67716.667,0.0,25298.5,529.5
Oreland,19075,7600,547,1147,89652.038,0.0,25301.0,531.0
Venetia,15367,9559,477,1017,101456.76800000001,0.0,25304.0,532.0
Pittsburgh,15220,17401,1035,3161,60685.02,0.0,25304.75,533.5
Jonestown,17038,8553,445,1433,83206.649,0.0,25304.75,533.5
Merion Station,19066,5319,273,1091,130503.09199999999,0.0,25305.5,535.0
Wernersville,19565,8789,515,2378,67970.726,0.0,25309.5,536.0
Glenmoore,19343,7553,199,1374,92655.948,0.0,25310.0,537.0
Fort Washington,19034,6107,398,1247,88072.212,0.0,25310.75,538.0
Fairview,16415,9492,752,1897,70634.94,0.0,25311.25,539.0
Ligonier,15658,8936,237,2526,68829.351,0.0,25312.5,540.0
Elverson,19520,5889,287,1712,78204.378,0.0,25313.5,541.0
Devon,19333,6893,409,1229,84765.352,0.0,25320.75,542.5
Center Valley,18034,9396,398,1413,79666.431,0.0,25320.75,542.5
Valencia,16059,8278,545,1804,72018.46,0.0,25321.5,544.0
Harrisburg,17103,12495,1069,1111,73194.505,0.0,25321.75,545.0
Leola,17540,10773,964,1225,73053.70599999999,0.0,25322.0,546.0
Leechburg,15656,9717,577,2122,66956.914,0.0,25329.0,547.0
Gap,17527,5655,398,784,114415.595,0.0,25335.5,548.0
Cochranville,19330,5726,246,920,120836.355,0.0,25336.5,549.0
Port Matilda,16870,7576,525,835,90481.135,0.0,25339.0,550.0
Washington Crossing,18977,4395,175,955,138355.646,0.0,25340.0,551.0
Eighty Four,15330,5039,81,1523,79284.665,0.0,25340.5,552.0
Oakdale,15071,11595,582,1546,70313.954,0.0,25342.25,553.0
Biglerville,17307,6259,353,1270,78282.47099999999,0.0,25342.75,554.0
Gladwyne,19035,3936,174,917,199727.25,0.0,25343.75,555.0
Paradise,17562,4770,482,652,119986.133,0.0,25344.75,556.0
Stevens,17578,7667,358,1223,77937.437,0.0,25349.25,557.0
Duncansville,16635,12438,690,3206,56370.350999999995,0.0,25349.5,558.0
Narvon,17555,7760,864,862,74232.105,0.0,25351.25,559.0
Orwigsburg,17961,6102,364,1518,72089.06,0.0,25353.75,560.0
Lewisberry,17339,6766,314,1371,74507.299,0.0,25356.25,561.0
Waterford,16441,10069,438,1663,68217.299,0.0,25357.25,562.0
Peach Bottom,17563,4075,486,694,93363.81300000001,0.0,25358.25,563.0
Finleyville,15332,8616,378,1961,65384.320999999996,0.0,25361.75,564.0
Gordonville,17529,5100,489,656,94922.06800000001,0.0,25362.5,565.0
Perkiomenville,18074,5709,274,1051,82295.565,0.0,25365.25,566.0
Jim Thorpe,18229,9038,388,2080,63228.468,0.0,25365.75,567.0
Harveys Lake,18618,3684,185,868,102209.775,0.0,25366.75,568.0
Pittsburgh,15208,8916,429,2049,62909.322,0.0,25367.5,569.0
Dingmans Ferry,18328,7466,134,1348,76619.396,0.0,25368.25,570.0
New Providence,17560,5287,397,971,79321.86200000001,0.0,25368.75,571.5
Boalsburg,16827,4686,177,924,96771.56199999999,0.0,25368.75,571.5
Zionsville,18092,3617,118,918,99966.77699999999,0.0,25371.75,573.0
Wilkes-Barre,18705,14425,886,2811,54515.225,0.0,25372.25,574.0
Schuylkill Haven,17972,10936,519,2664,56842.698,0.0,25373.5,575.0
Gordonville,17572,3985,577,450,98590.272,0.0,25375.25,576.0
Dalton,18414,5461,284,1248,73703.608,0.0,25375.75,577.0
Barto,19504,4599,203,1072,80107.92599999999,0.0,25376.5,578.0
Freedom,15042,7951,441,2644,56827.085999999996,0.0,25380.25,579.0
Folcroft,19032,6629,752,714,74469.808,0.0,25380.5,580.0
Fredericksburg,17026,3981,324,524,155538.781,0.0,25381.0,581.0
Morton,19070,6625,307,1107,75075.73,0.0,25382.25,582.0
Hunlock Creek,18621,6261,246,1239,73091.25,0.0,25384.0,583.0
Erie,16511,11439,971,2206,55415.878,0.0,25387.5,584.0
Pine Grove,17963,9073,249,2224,60123.309,0.0,25390.25,585.0
North Versailles,15137,10215,450,2303,57746.187999999995,0.0,25392.0,586.0
Christiana,17509,5246,544,649,79387.78,0.0,25392.5,587.0
Pittsburgh,15209,12087,513,2477,55947.58,0.0,25394.5,588.0
Philadelphia,19140,52608,4279,7230,31385.002999999997,0.0,25394.75,589.0
Robesonia,19551,4524,188,778,91764.868,0.0,25396.25,590.0
Wyalusing,18853,4332,322,910,76016.558,0.0,25398.0,591.0
New Freedom,17349,7261,411,1546,63869.18700000001,0.0,25398.25,592.0
Baden,15005,9191,289,2534,56805.047999999995,0.0,25399.25,593.0
Houston,15342,4892,261,1147,71625.16,0.0,25401.75,594.0
Mohrsville,19541,4598,305,809,80748.508,0.0,25403.5,595.0
Auburn,17922,5111,338,845,76745.259,0.0,25405.0,596.5
Chicora,16025,5035,319,1082,71449.636,0.0,25405.0,596.5
East Berlin,17316,8391,332,1874,60196.832,0.0,25408.25,598.0
Upper Black Eddy,18972,3220,141,802,86686.305,0.0,25410.25,599.0
Pen Argyl,18072,6429,276,1197,69028.29,0.0,25411.25,600.0
Newmanstown,17073,6000,396,740,77993.66,0.0,25411.75,601.0
Marietta,17547,8068,598,1055,65266.1,0.0,25413.5,602.0
Pittsburgh,15214,14203,1019,2231,52180.144,0.0,25414.0,603.5
Sugarloaf,18249,3676,183,776,85074.146,0.0,25414.0,603.5
Oley,19547,4684,228,865,79233.13900000001,0.0,25414.5,605.5
Kempton,19529,4028,242,1525,63333.20400000001,0.0,25414.5,605.5
Imperial,15126,6805,465,762,72908.912,0.0,25415.0,607.0
Philadelphia,19137,8652,647,1042,64584.324,0.0,25415.75,608.0
Philadelphia,19132,29850,1728,4756,39661.127,0.0,25416.5,609.0
Burgettstown,15021,7093,264,1743,60908.732,0.0,25417.0,610.0
Slatington,18080,11498,803,2059,54450.477,0.0,25417.75,611.0
Glen Rock,17327,8318,415,1391,62874.212,0.0,25418.0,612.0
Seven Valleys,17360,7072,418,862,71371.887,0.0,25418.5,613.0
Renfrew,16053,4125,301,855,74784.003,0.0,25420.25,614.0
Lykens,17048,4530,459,643,76632.62700000001,0.0,25421.25,615.0
Claysville,15323,4265,265,741,79554.552,0.0,25423.25,616.0
Belleville,17004,5016,605,1013,64178.210999999996,0.0,25425.0,617.0
Norwood,19074,5957,148,711,87189.93699999999,0.0,25425.25,618.0
Mount Pocono,18344,3780,31,717,100474.906,0.0,25426.0,619.0
Jessup,18434,3772,308,632,79721.939,0.0,25431.5,620.0
Orefield,18069,8600,314,1346,62609.2,0.0,25432.75,621.0
Kintnersville,18930,2454,103,565,119998.01400000001,0.0,25434.0,622.5
Philadelphia,19121,31664,2015,2948,41637.529,0.0,25434.0,622.5
Kirkwood,17536,3361,243,645,80900.834,0.0,25436.25,624.0
Lebanon,17016,1352,138,578,97572.42,0.0,25436.5,625.0
Athens,18810,5707,303,1424,60836.785,0.0,25437.5,626.0
New Tripoli,18066,6143,467,890,66944.714,0.0,25438.75,627.0
Millersville,17551,11011,479,1674,56571.412000000004,0.0,25440.5,628.0
Grantville,17028,3982,136,576,96252.704,0.0,25442.0,629.5
Kinzers,17535,2912,297,327,124716.87199999999,0.0,25442.0,629.5
Dauphin,17018,4299,288,933,67971.902,0.0,25446.25,631.0
Newville,17241,11877,634,2122,51990.17,0.0,25446.5,632.0
New Milford,18834,3508,146,752,77739.44,0.0,25449.0,633.0
McKeesport,15133,6173,349,1253,61197.498,0.0,25449.5,634.5
Clinton,15026,3324,221,468,96450.244,0.0,25449.5,634.5
Fairfield,17320,7956,537,1439,57035.859000000004,0.0,25450.0,636.0
Bath,18014,11738,495,2482,50049.879,0.0,25450.5,637.0
Harrison City,15636,4658,170,564,87034.9,0.0,25455.0,638.0
Riegelsville,18077,2279,47,561,105801.325,0.0,25455.75,639.5
Richland,17087,2884,172,548,87276.98,0.0,25455.75,639.5
Scranton,18510,13534,677,2130,50791.403,0.0,25456.5,641.5
Elysburg,17824,3758,86,881,73495.63799999999,0.0,25456.5,641.5
Bethel,19507,3358,173,447,100974.01,0.0,25457.0,643.0
Long Pond,18334,4471,195,897,70596.705,0.0,25459.0,644.0
Taylor,18517,4807,164,1301,62196.959,0.0,25459.75,645.0
East Petersburg,17520,4688,148,971,69454.119,0.0,25460.0,646.0
Meshoppen,18630,3086,160,618,80652.325,0.0,25461.0,647.0
Duryea,18642,3862,94,1081,67200.951,0.0,25461.5,648.0
Brookville,15825,9229,415,1983,52483.927,0.0,25461.75,649.0
Felton,17322,6191,323,753,70461.55099999999,0.0,25462.25,650.0
Harrisville,16038,3656,217,690,73298.057,0.0,25465.0,651.0
Factoryville,18419,4632,234,944,66692.807,0.0,25465.25,652.0
Weatherly,18255,4411,127,1041,66698.293,0.0,25466.0,653.0
East Greenville,18041,5429,392,1127,60308.426,0.0,25467.0,654.0
Mercersburg,17236,8084,501,1523,54699.78599999999,0.0,25467.25,656.0
Harrisburg,17102,7531,262,1130,62246.128,0.0,25467.25,656.0
New Stanton,15672,3343,138,842,71385.64,0.0,25467.25,656.0
Marysville,17053,5135,127,898,70061.128,0.0,25469.5,658.0
Gouldsboro,18424,5148,134,1022,66581.02799999999,0.0,25470.25,659.0
Damascus,18415,1491,45,528,101250.759,0.0,25471.25,660.0
Catasauqua,18032,9422,604,1432,53822.49400000001,0.0,25472.75,661.0
Littlestown,17340,11024,480,2058,50400.50700000001,0.0,25473.25,662.0
Catawissa,17820,5405,254,1247,59438.596,0.0,25474.5,663.0
Howard,16841,6366,308,1102,60772.5,0.0,25475.0,664.0
Forest City,18421,4289,232,955,64889.442,0.0,25475.5,665.0
Moosic,18507,5159,213,877,67883.829,0.0,25476.0,666.0
York Haven,17370,5423,174,766,70979.107,0.0,25476.5,667.5
West Sunbury,16061,2975,135,491,88707.317,0.0,25476.5,667.5
Thornton,19373,4389,173,328,137384.01,0.0,25478.25,669.0
Green Lane,18054,4909,277,734,68658.856,0.0,25479.25,670.0
Martinsburg,16662,5967,358,1512,54934.712999999996,0.0,25480.25,671.5
Mount Wolf,17347,6577,368,1028,60611.670999999995,0.0,25480.25,671.5
Atglen,19310,3207,399,279,82259.276,0.0,25483.5,673.0
Cambridge Springs,16403,7278,433,1004,59132.41,0.0,25484.25,674.0
Gwynedd,19436,722,19,470,131200.896,0.0,25485.0,675.0
Tarentum,15084,10034,655,2216,47022.902,0.0,25485.5,676.0
Orrtanna,17353,3413,181,534,78055.518,0.0,25487.5,677.0
Jermyn,18433,6128,295,1113,59072.269,0.0,25487.75,678.0
Akron,17501,4450,257,958,62136.982,0.0,25490.0,679.0
Vandergrift,15690,8977,503,1927,49364.467000000004,0.0,25490.25,680.0
Matamoras,18336,3800,110,1036,63248.56200000001,0.0,25493.5,681.5
Nescopeck,18635,3790,254,857,64300.707,0.0,25493.5,681.5
Russell,16345,3436,129,876,66327.945,0.0,25495.75,683.0
Wapwallopen,18660,3645,114,679,72180.977,0.0,25496.5,684.0
Acme,15610,4016,170,852,65385.238,0.0,25498.5,685.0
Landisburg,17040,2328,136,420,89561.211,0.0,25499.0,686.0
Mount Bethel,18343,4010,153,685,70164.557,0.0,25500.5,687.5
Mill Hall,17751,7267,430,1454,52456.879,0.0,25500.5,687.5
Pocono Lake,18347,2932,46,1031,64242.32900000001,0.0,25501.25,689.0
Delta,17314,6085,332,1073,57279.012,0.0,25502.75,690.0
Philadelphia,19133,26705,1425,2840,31475.126,0.0,25503.0,691.0
Conestoga Township,17516,4875,109,702,70685.085,0.0,25503.75,692.5
Worthington,16262,2794,85,618,75296.031,0.0,25503.75,692.5
Mountville,17554,7214,559,1151,53278.727999999996,0.0,25504.0,694.0
New Bloomfield,17068,4391,208,856,63883.967000000004,0.0,25504.5,695.0
Washington Boro,17582,2022,85,433,91347.416,0.0,25505.25,696.0
Mertztown,19539,4740,309,887,60162.02400000001,0.0,25507.75,697.0
Jacobus,17407,3070,218,443,76266.782,0.0,25508.75,698.0
Nicholson,18446,3048,96,810,66493.703,0.0,25509.0,699.0
Gillett,16925,3407,293,703,64278.636,0.0,25509.75,700.0
Beach Lake,18405,2712,109,563,75732.16,0.0,25510.0,701.0
Strasburg,17579,6320,517,1177,52773.942,0.0,25510.25,702.0
Holtwood,17532,3287,310,455,71201.982,0.0,25510.75,703.0
Glenville,17329,2554,71,509,81527.003,0.0,25511.0,704.0
Peckville,18452,4909,164,1752,51228.722,0.0,25511.25,705.0
Canadensis,18325,2684,185,344,86150.37,0.0,25512.25,706.0
Union City,16438,7588,339,1709,49626.95400000001,0.0,25512.5,707.0
Airville,17302,2566,89,516,79026.98,0.0,25512.75,708.0
Avella,15312,4009,281,618,65931.642,0.0,25513.0,709.0
Middleburg,17842,8817,510,1604,49142.606,0.0,25514.5,710.0
Centre Hall,16828,4603,252,1307,53817.723,0.0,25515.5,711.0
Wattsburg,16442,3334,220,549,69959.82400000001,0.0,25516.25,712.0
Breinigsville,18031,11354,695,1566,47800.785,0.0,25516.5,713.0
Springville Township,18844,1944,79,493,80078.224,0.0,25519.25,714.0
Van Voorhis,15366,478,0,399,179385.33,0.0,25520.0,715.0
New Albany,18833,1902,54,486,82768.369,0.0,25520.25,716.0
Pittston,18641,7010,180,1458,52454.775,0.0,25520.5,717.0
Windsor,17366,5974,337,856,58376.584,0.0,25521.0,718.5
Mifflintown,17059,7889,448,1784,47507.957,0.0,25521.0,718.5
New Alexandria,15670,3215,110,711,67635.09,0.0,25521.25,720.0
Waymart,18472,7203,231,1114,56313.959,0.0,25521.5,721.0
Thomasville,17364,3699,172,605,68540.29400000001,0.0,25522.5,722.0
New Eagle,15067,2532,136,632,69003.163,0.0,25523.0,723.0
Elliottsburg,17024,1951,95,406,85132.463,0.0,25525.25,724.0
Greentown,18426,4091,182,1114,56336.63,0.0,25525.75,725.0
Evans City,16033,6425,277,940,57037.958,0.0,25527.0,726.0
Hegins,17938,2517,82,325,116313.305,0.0,25527.5,727.0
Saegertown,16433,5193,376,913,56205.185999999994,0.0,25528.25,728.0
Albrightsville,18210,7504,456,1525,48768.125,0.0,25528.75,729.0
McKeesport,15135,5004,150,987,58956.334,0.0,25529.5,730.0
Smithton,15479,2151,158,464,73958.49900000001,0.0,25530.75,731.0
Abbottstown,17301,4462,239,727,62201.307,0.0,25531.5,732.0
Laceyville,18623,2559,120,485,74601.048,0.0,25532.25,733.0
Hookstown,15050,2690,80,438,80692.099,0.0,25533.0,734.0
Millerstown,17062,4289,211,739,62216.277,0.0,25533.5,735.5
Falls Township,18615,1966,61,483,78579.33099999999,0.0,25533.5,735.5
Silver Lake Township,18812,1640,25,420,92681.994,0.0,25534.25,737.0
Union Dale,18470,1976,63,478,78613.836,0.0,25534.5,738.0
Meyersdale,15552,5772,327,1249,51677.481,0.0,25535.0,739.0
New Ringgold,17960,4183,173,1191,54126.218,0.0,25535.25,740.0
Saltsburg,15681,4773,260,1008,55285.278,0.0,25537.0,741.0
Watsontown,17777,7163,465,1501,47857.733,0.0,25537.5,742.0
Freeport,16229,5203,162,936,58753.20200000001,0.0,25538.25,743.0
Wrightsville,17368,6198,312,1139,52663.221,0.0,25540.5,744.0
Red Hill,18076,2931,125,620,67397.333,0.0,25541.25,745.0
Reeders,18352,940,0,469,83525.541,0.0,25541.75,746.0
Saxonburg,16056,4403,203,1176,53418.597,0.0,25542.25,747.0
Sweet Valley,18656,2472,53,498,76043.536,0.0,25542.75,748.0
Troy,16947,4531,187,1215,52971.818,0.0,25543.0,749.0
Benton,17814,4604,174,1061,54792.445,0.0,25545.75,751.0
Dunbar,15431,4167,306,793,57737.519,0.0,25545.75,751.0
Cabot,16023,4462,137,1426,50802.416,0.0,25545.75,751.0
West Middlesex,16159,4885,138,1347,51585.996,0.0,25546.75,754.0
Bradfordwoods,15015,1267,108,277,100985.087,0.0,25546.75,754.0
Yeagertown,17099,1133,28,548,73747.644,0.0,25546.75,754.0
Youngwood,15697,2867,94,533,70160.031,0.0,25550.75,756.5
Linesville,16424,4641,254,1183,51839.152,0.0,25550.75,756.5
Shelocta,15774,2769,63,522,72145.87599999999,0.0,25551.0,758.0
New Florence,15944,2971,246,635,61388.682,0.0,25551.5,759.0
Braddock,15104,8492,415,1604,45267.558,0.0,25552.0,760.0
Morrisdale,16858,3538,170,953,56653.318,0.0,25552.25,761.0
Coal Run,17866,10190,443,1835,42060.359000000004,0.0,25553.75,762.0
Alburtis,18011,5458,397,670,57384.752,0.0,25554.5,763.0
Port Royal,17082,3233,191,608,62889.003,0.0,25556.25,764.0
Vanderbilt,15486,2206,116,412,74182.408,0.0,25558.75,765.0
Rome,18837,2899,179,516,66650.80900000001,0.0,25559.25,766.0
Cranesville,16410,2087,78,325,89492.45,0.0,25560.0,767.0
Farmington,15437,2861,196,305,75494.166,0.0,25560.25,768.0
East Freedom,16637,2323,27,672,66038.976,0.0,25561.25,770.0
East Pittsburgh,15112,3073,284,411,66219.387,0.0,25561.25,770.0
Pequea,17565,2297,165,275,82094.711,0.0,25561.25,770.0
Marion Center,15759,2848,159,603,63283.236,0.0,25562.25,772.0
Conneautville,16406,3294,294,752,56778.84099999999,0.0,25563.0,773.0
Reedsville,17084,4580,324,876,53561.318,0.0,25563.25,774.5
Dallastown,17313,11269,721,1806,37108.609,0.0,25563.25,774.5
Milroy,17063,3221,231,521,63519.70400000001,0.0,25563.5,776.0
Ringtown,17967,2234,78,483,71623.74,0.0,25564.25,777.0
Orangeville,17859,2890,139,776,58255.085999999996,0.0,25565.0,778.0
Edinburg,16116,2854,172,869,56524.483,0.0,25565.75,779.0
New Columbia,17856,3094,79,542,67909.37,0.0,25566.75,780.0
McKean,16426,3389,159,865,56690.552,0.0,25567.0,781.0
Presto,15142,957,0,296,201250.0,0.0,25568.0,782.0
Patton,16668,3381,234,656,58687.78400000001,0.0,25568.5,783.0
Lake City,16423,4018,210,751,57270.693,0.0,25569.5,784.0
Reynoldsville,15851,6478,512,1000,49091.273,0.0,25570.0,785.5
Hughesville,17737,6596,247,1283,48674.944,0.0,25570.0,785.5
Conyngham,18219,1340,37,348,88275.546,0.0,25570.25,787.0
Turbotville,17772,2333,116,640,62467.549000000006,0.0,25571.25,788.0
Prospect,16052,2544,61,573,66578.991,0.0,25571.5,789.5
Warriors Mark,16877,2244,136,445,69099.15299999999,0.0,25571.5,789.5
Glenwillard,15046,2573,131,543,65244.252,0.0,25572.25,791.0
Linden,17744,2881,152,691,59157.977,0.0,25573.75,792.0
Trafford,15085,7479,344,1800,40222.245,0.0,25574.25,793.0
Bainbridge,17502,2673,210,331,70802.571,0.0,25575.0,794.0
Johnstown,15906,10364,620,2220,26971.688,0.0,25575.75,795.0
Homer City,15748,7216,363,1260,46520.395,0.0,25576.25,796.0
Kersey,15846,3455,109,634,62410.95,0.0,25576.5,797.0
Curwensville,16833,5265,324,1160,48476.458,0.0,25577.5,798.0
Holmes,19043,2828,166,354,71197.03,0.0,25577.75,799.0
Henryville,18332,3309,105,347,75701.87700000001,0.0,25580.5,800.0
Boiling Springs,17007,5888,327,1376,44230.380999999994,0.0,25582.75,801.5
Berlin,15530,5167,330,1363,44496.10400000001,0.0,25582.75,801.5
Richlandtown,18955,1414,66,315,84341.039,0.0,25583.0,803.0
Fawn Grove,17321,2304,141,402,69270.606,0.0,25583.75,804.0
Liverpool,17045,3687,181,709,56882.358,0.0,25584.25,805.0
Templeton,16259,2070,109,396,70972.121,0.0,25585.0,806.0
Mount Gretna,17064,528,0,262,220592.78399999999,0.0,25586.75,807.0
Georgetown,15043,2228,150,483,64122.208,0.0,25587.75,808.5
Columbia Cross Roads,16914,2461,138,422,67802.158,0.0,25587.75,808.5
Carmichaels,15320,5157,230,1083,49547.765,0.0,25588.0,810.0
Tarrs,15688,1052,38,239,111825.778,0.0,25588.75,811.0
Houtzdale,16651,5818,153,733,56426.707,0.0,25589.5,812.0
Rural Valley,16249,1952,78,337,77896.644,0.0,25590.5,813.0
Cochranton,16314,5240,298,1104,48166.456,0.0,25590.75,814.0
Mount Holly Springs,17065,3559,167,625,58200.559,0.0,25592.5,815.0
Johnstown,15909,4703,208,1140,48577.569,0.0,25593.0,816.0
Gardners,17324,4061,249,979,49764.78400000001,0.0,25593.25,817.0
Essington,19029,4027,197,640,57039.32900000001,0.0,25593.5,818.5
Allenwood,17810,5884,228,395,63725.083,0.0,25593.5,818.5
Lawrence,15055,1030,70,360,74799.47,0.0,25593.75,820.0
Coplay,18037,7577,297,1383,42955.297999999995,0.0,25594.75,821.0
Newfoundland,18445,2493,173,735,55117.803,0.0,25595.0,822.5
Portersville,16051,2896,83,522,64488.191,0.0,25595.0,822.5
Zion Grove,17985,1232,37,263,96463.829,0.0,25595.75,824.0
Albion,16401,6431,240,904,51461.527,0.0,25596.75,825.5
Springdale,15144,4002,205,953,51087.267,0.0,25596.75,825.5
Loysville,17047,2815,326,403,59683.414000000004,0.0,25597.0,827.5
Spring Church,15686,891,38,285,87903.43699999999,0.0,25597.0,827.5
Monroeton,18832,1944,124,375,69555.122,0.0,25598.0,829.0
Brogue,17309,2251,229,480,60478.279,0.0,25598.25,830.5
Ulster,18850,1965,99,408,68457.951,0.0,25598.25,830.5
Newburg,17240,3981,424,591,53272.513,0.0,25598.75,832.0
Markleysburg,15459,1625,73,380,72065.815,0.0,25599.25,833.5
Brockway,15824,4962,298,1086,47363.448,0.0,25599.25,833.5
York Springs,17372,4028,209,616,56857.825999999994,0.0,25599.5,835.0
Harborcreek,16421,2606,72,525,64082.07,0.0,25600.25,836.0
Bushkill,18324,9249,334,1245,43524.914000000004,0.0,25600.5,837.0
Bolivar,15923,1817,102,358,71245.22,0.0,25600.75,838.0
Scenery Hill,15360,1785,97,342,72488.33099999999,0.0,25602.5,839.5
Nuremberg,18241,587,19,266,94111.214,0.0,25602.5,839.5
McVeytown,17051,4729,207,1246,45562.710999999996,0.0,25603.5,842.0
McClure,17841,4666,267,934,49387.232,0.0,25603.5,842.0
McConnellsburg,17233,5214,238,1117,47383.665,0.0,25603.5,842.0
West Alexander,15376,1547,43,371,74536.375,0.0,25606.0,844.0
Prosperity,15329,1547,88,256,81469.61099999999,0.0,25606.75,845.0
Enon Valley,16120,2450,173,508,60369.558,0.0,25607.5,846.0
Sugar Run,18846,951,46,211,105147.16,0.0,25607.75,847.0
Williamsburg,16693,4066,255,644,53927.140999999996,0.0,25608.0,848.0
Fombell,16123,2625,105,240,80574.135,0.0,25609.5,849.0
Smithfield,15478,5554,208,1005,48496.82,0.0,25609.75,850.0
Williamsport,17728,4636,194,1043,47787.895,0.0,25610.75,851.0
Bakerstown,15007,629,0,414,73456.875,0.0,25611.25,852.0
New Paris,15554,2422,102,489,62713.677,0.0,25612.25,853.0
Equinunk,18417,1014,83,268,79196.142,0.0,25613.0,854.0
Perryopolis,15473,3495,106,1111,47983.725,0.0,25613.5,855.0
Central City,15926,2478,85,544,60814.63,0.0,25614.25,856.0
Brownsville,15417,8398,378,1552,34976.82,0.0,25614.75,857.5
Abington Township,18471,722,115,94,134671.025,0.0,25614.75,857.5
Lawrenceville,16929,2503,111,475,62243.386,0.0,25616.5,859.0
Hollsopple,15935,3084,135,657,55753.95,0.0,25617.0,860.0
Julian,16844,2623,123,440,63028.575999999994,0.0,25618.75,861.5
Loganton,17747,3494,276,447,57067.542,0.0,25618.75,861.5
Hallstead,18822,3096,169,698,53585.694,0.0,25619.0,863.0
Shippenville,16254,3572,157,820,51798.888,0.0,25619.5,864.0
Wysox,18854,1715,90,307,72930.022,0.0,25620.5,865.0
Warfordsburg,17267,2854,139,626,55772.81400000001,0.0,25622.75,866.0
Pulaski Township,16143,2157,24,509,63405.177,0.0,25623.0,867.0
Kulpmont,17834,3222,151,831,51161.245,0.0,25624.0,868.0
Emlenton,16373,3172,179,655,53728.924000000006,0.0,25625.5,869.0
McClellandtown,15458,2449,168,534,57148.664000000004,0.0,25625.75,870.0
Industry,15052,2958,142,563,56975.735,0.0,25626.25,871.0
Pleasant Mount,18453,1073,147,302,67941.828,0.0,25627.5,872.5
Beavertown,17813,2094,113,457,61890.535,0.0,25627.5,872.5
Penn Run,15765,1541,78,349,69358.45,0.0,25629.5,874.0
Danielsville,18038,3562,83,692,54590.648,0.0,25629.75,875.5
Pittsburgh,15204,7905,390,1188,38676.663,0.0,25629.75,875.5
Adamstown,19501,1145,87,129,97592.58300000001,0.0,25631.5,877.0
Loretto,15940,3860,92,386,65151.99400000001,0.0,25632.5,878.0
St. Thomas,17252,3681,265,559,53129.802,0.0,25634.25,879.0
Jefferson,15344,1628,125,336,65291.837,0.0,25635.75,880.0
Mehoopany,18629,1838,100,500,59138.44,0.0,25636.0,881.5
Topton,19562,2602,100,720,52984.275,0.0,25636.0,881.5
Blossburg,16912,2544,184,235,68475.436,0.0,25636.25,883.0
Kingsley,18826,1289,52,336,70931.098,0.0,25637.0,884.0
Greeley,18425,1059,34,247,81356.274,0.0,25637.5,885.0
Williamstown,17098,2307,82,390,64683.487,0.0,25638.5,886.0
Bird-in-Hand,17505,1460,201,201,69827.144,0.0,25639.0,887.5
Champion,15622,1159,0,382,71225.073,0.0,25639.0,887.5
Richfield,17086,2115,142,411,60714.667,0.0,25640.75,889.5
Unityville,17774,1369,50,308,72508.93,0.0,25640.75,889.5
Volant,16156,3148,180,579,53773.00900000001,0.0,25641.25,891.5
Woodland,16881,2446,117,402,61901.035,0.0,25641.25,891.5
Centerville,16404,3286,202,788,49059.595,0.0,25644.0,893.0
Jackson Center,16133,1516,106,346,65102.75,0.0,25644.25,894.0
Fountainville,18923,1235,94,93,99093.534,0.0,25648.75,895.0
Lowber,15660,448,14,141,138244.25,0.0,25649.5,896.0
Montgomery,17752,4503,387,709,46646.362,0.0,25649.75,897.0
Bechtelsville,19505,3546,65,1130,43261.37,0.0,25650.5,898.0
Dublin,18917,2110,61,242,75809.6,0.0,25651.0,899.0
Herminie,15640,676,107,52,120995.454,0.0,25651.75,900.5
Winfield,17889,2609,137,520,55684.01,0.0,25651.75,900.5
New Castle,16102,5694,392,1118,35390.263,0.0,25652.75,902.0
Clymer,15728,3447,155,602,52618.892,0.0,25654.25,903.0
Parker,16049,2982,125,671,51531.364,0.0,25654.75,904.0
Bartonsville,18321,1642,38,389,65196.060999999994,0.0,25655.25,906.0
Claysburg,16625,4044,200,882,46266.819,0.0,25655.25,906.0
Amity,15311,1369,100,240,71889.401,0.0,25655.25,906.0
East Springfield,16411,1390,56,253,74414.155,0.0,25655.75,908.0
Rebersburg,16872,1556,108,191,75277.365,0.0,25656.0,909.5
Summerdale,17093,1611,85,66,120414.825,0.0,25656.0,909.5
Tionesta,16353,2976,122,978,45545.13,0.0,25656.75,911.0
Muncy Valley,18626,519,4,253,80559.525,0.0,25657.0,912.0
Polk,16342,2202,82,529,56300.208,0.0,25657.25,913.5
Aspers,17304,2795,99,479,57375.928,0.0,25657.25,913.5
Saxton,16678,2456,141,693,50550.355,0.0,25657.5,915.0
Jamestown,16134,3927,183,1023,41373.311,0.0,25659.75,916.0
Mineral Point,15942,2121,98,419,59182.514,0.0,25660.75,917.5
Bridgeport,19405,4648,347,401,52314.971,0.0,25660.75,917.5
Shinglehouse,16748,2824,242,661,48423.692,0.0,25661.25,920.0
Boswell,15531,3672,248,895,43594.843,0.0,25661.25,920.0
Bryn Athyn,19009,885,4,154,103827.424,0.0,25661.25,920.0
Dayton,16222,2923,298,450,52187.25700000001,0.0,25661.5,922.0
Duquesne,15110,5534,683,629,38685.037000000004,0.0,25663.0,923.5
Knox,16232,4199,254,737,46554.376,0.0,25663.0,923.5
Leeper,16233,1208,29,347,67407.089,0.0,25663.5,925.0
Hopwood,15445,2690,108,721,49846.049000000006,0.0,25663.75,926.0
Clarksville,15322,1655,51,322,67692.052,0.0,25664.0,927.0
Wellsville,17365,2206,36,448,60175.74,0.0,25667.5,928.0
Shohola,18458,2968,134,649,50535.755,0.0,25668.25,929.0
Canton,17724,4840,365,967,36811.575,0.0,25668.5,930.0
Port Trevorton,17864,2222,245,331,56207.288,0.0,25670.25,931.0
Stevensville,18845,345,17,132,100677.27,0.0,25670.5,932.0
Ardara,15615,330,0,124,173525.09399999998,0.0,25671.75,933.0
Karthaus,16845,984,37,219,77007.049,0.0,25672.0,934.5
Hereford Township,18056,1510,18,158,91527.36099999999,0.0,25672.0,934.5
Millville,17846,4052,222,879,42802.605,0.0,25673.0,936.0
Sycamore,15364,784,48,134,87599.93,0.0,25673.25,937.0
Millmont,17845,1902,104,346,61054.162000000004,0.0,25675.75,938.5
Trumbauersville,18970,665,29,109,105255.069,0.0,25675.75,938.5
Rockwood,15557,3358,121,721,48293.907999999996,0.0,25676.0,940.0
Alexandria,16611,2624,115,534,52925.515,0.0,25677.0,941.0
Smicksburg,16256,2116,267,214,58377.812999999995,0.0,25680.5,942.0
Trout Run,17771,3168,115,654,49432.638,0.0,25680.75,943.0
Terre Hill,17581,824,43,119,90450.87,0.0,25681.25,944.0
Stillwater,17878,1546,65,395,59206.225,0.0,25682.0,945.5
Austin,16720,1238,52,315,65247.712999999996,0.0,25682.0,945.5
Cecil,15321,1497,137,205,66979.007,0.0,25682.5,947.5
Herminie,15637,1239,54,335,63491.733,0.0,25682.5,947.5
Guys Mills,16327,2813,136,557,51562.575999999994,0.0,25682.75,949.0
Smethport,16749,4039,169,981,39827.966,0.0,25683.0,950.0
Derry,15779,679,16,154,87849.088,0.0,25684.0,951.5
Port Carbon,17965,1890,147,419,54964.44,0.0,25684.0,951.5
Needmore,17238,1701,117,331,59884.485,0.0,25685.75,953.0
Davidsville,15928,2094,147,724,46109.49,0.0,25686.25,954.0
St. Clair,17970,3167,87,698,48458.748,0.0,25686.5,955.0
Spring Mills,16875,4042,144,779,44370.018,0.0,25687.25,956.0
Springboro,16435,1806,111,339,59220.95,0.0,25688.0,958.0
Sterling Township,18463,286,7,100,149772.407,0.0,25688.0,958.0
Hickory,15340,1172,15,470,57409.615999999995,0.0,25688.0,958.0
Indian Lake,15563,2986,154,750,44815.449,0.0,25688.75,960.0
Rossiter,15772,1748,93,325,61198.928,0.0,25689.0,961.0
Lenhartsville,19534,1597,127,300,60678.111,0.0,25689.5,962.0
Wampum,16157,2930,77,727,47608.74400000001,0.0,25689.75,963.0
Mount Morris,15349,1497,112,293,62062.549000000006,0.0,25690.25,964.5
Donora,15033,4675,306,959,32908.259,0.0,25690.25,964.5
Petrolia,16050,1283,43,247,69612.948,0.0,25691.5,966.0
Manorville,16238,487,22,99,102488.30099999999,0.0,25692.5,967.5
Mehoopany,18614,1937,85,565,51443.78,0.0,25692.5,967.5
Tremont,17981,2669,82,573,51297.31200000001,0.0,25693.25,969.0
Genesee Township,16923,1481,81,347,59657.848,0.0,25693.5,970.0
Cowansville,16218,1326,54,262,66972.674,0.0,25694.0,971.0
Trevorton,17881,1375,98,310,61295.35400000001,0.0,25694.75,972.0
Donegal,15628,644,35,139,82917.808,0.0,25695.0,973.0
Buena Vista,15018,1296,103,270,62943.699,0.0,25695.5,974.0
Mapleton,17052,1573,72,267,65244.885,0.0,25696.75,975.0
Bear Lake,16402,836,30,157,78860.784,0.0,25697.75,976.5
Middlebury Center,16935,1126,82,241,65543.36200000001,0.0,25697.75,976.5
Gordon,17936,969,60,170,73441.069,0.0,25698.75,979.0
Sandy Lake,16145,2953,163,703,44648.215,0.0,25698.75,979.0
Mill Run,15464,1498,48,221,70008.07,0.0,25698.75,979.0
Milan,18831,1023,11,296,67003.281,0.0,25699.5,981.0
Clearville,15535,2018,51,456,55090.032999999996,0.0,25700.0,982.0
Seneca,16346,3615,321,843,34927.961,0.0,25700.25,983.0
Tower City,17980,2931,129,586,48958.845,0.0,25700.5,984.0
Pennsylvania Furnace,16865,1763,38,414,57586.32700000001,0.0,25700.75,985.5
Ebensburg,15948,556,0,139,88352.177,0.0,25700.75,985.5
Cherry Tree,15724,2059,47,530,52671.84,0.0,25701.25,987.5
Silverdale,18962,361,22,86,106817.664,0.0,25701.25,987.5
Harrisonville,17228,1062,79,230,66625.995,0.0,25702.25,989.0
Dawson,15428,1880,77,358,57853.191,0.0,25704.5,990.5
Ashville,16613,1277,53,312,62458.199,0.0,25704.5,990.5
Coral,15731,334,0,130,90278.246,0.0,25706.0,992.0
Berrysburg,17005,295,27,73,108883.742,0.0,25707.5,993.5
McAdoo,18237,3725,429,491,41273.61,0.0,25707.5,993.5
Paupack,18451,739,0,258,69891.349,0.0,25709.0,995.0
Orrstown,17244,2113,119,404,53406.209,0.0,25710.0,996.0
Youngsville,16371,3347,157,831,39502.731,0.0,25711.0,997.0
Columbus,16405,771,31,183,72185.745,0.0,25711.25,998.5
Rimersburg,16248,3059,149,709,42883.005,0.0,25711.25,998.5
Mont Clare,19453,1691,71,249,64040.842000000004,0.0,25711.5,1000.0
Ohiopyle,15470,633,0,177,77749.295,0.0,25711.75,1001.0
Manns Choice,15550,1834,104,362,55682.435999999994,0.0,25712.0,1002.0
Sugar Grove,16350,2385,218,425,49360.35400000001,0.0,25713.5,1003.0
Schellsburg,15559,1594,46,342,59474.28400000001,0.0,25714.0,1004.5
Coaldale,18218,2164,130,389,53033.721,0.0,25714.0,1004.5
Friedens,15541,3255,146,551,48177.614,0.0,25714.25,1006.0
Transfer,16154,2259,145,349,54076.544,0.0,25714.5,1007.0
Osceola Mills,16666,3043,138,760,40895.317,0.0,25715.0,1008.0
Summit Hill,18250,2981,81,635,46911.699,0.0,25716.0,1009.0
Defiance,16633,443,58,34,113854.25,0.0,25716.25,1010.5
New Park,17352,1628,95,228,62985.539000000004,0.0,25716.25,1010.5
Lucerne Mines,15754,593,42,155,72912.753,0.0,25716.5,1012.0
Weedville,15868,1448,129,434,51546.303,0.0,25717.75,1013.0
Tafton,18464,1291,50,362,57692.662000000004,0.0,25719.5,1014.0
Sigel,15860,1075,42,277,62963.227999999996,0.0,25719.75,1015.0
Millerton,16936,2070,84,482,51004.628,0.0,25722.25,1016.0
Crum Lynne,19022,3986,269,596,40812.965,0.0,25722.75,1017.0
Spraggs,15362,733,40,171,70349.37599999999,0.0,25724.5,1018.0
Colmar,18915,744,25,115,79611.768,0.0,25724.75,1019.5
Luzerne,18709,2892,212,627,41273.782999999996,0.0,25724.75,1019.5
Lucinda,16235,1185,38,242,64958.57,0.0,25725.75,1021.0
Cuddy,15031,451,9,96,90726.55699999999,0.0,25726.25,1022.0
Glen Lyon,18617,1813,88,273,59631.195,0.0,25726.5,1023.5
Lemont Furnace,15456,2824,195,648,40756.792,0.0,25726.5,1023.5
Bally,19503,1410,51,247,63570.642,0.0,25727.5,1025.5
Maytown,17550,576,55,205,66791.814,0.0,25727.5,1025.5
Herndon,17830,1988,126,398,51524.769,0.0,25728.0,1027.0
Beallsville,15313,355,21,109,81710.625,0.0,25728.25,1028.5
Lilly,15938,2340,139,563,45938.059,0.0,25728.25,1028.5
Rehrersburg,19550,602,39,54,97586.18800000001,0.0,25728.5,1031.0
Ruffs Dale,15679,2298,69,798,39831.056000000004,0.0,25728.5,1031.0
Beaver Meadows,18216,1106,57,263,61969.238,0.0,25728.5,1031.0
Westfield,16950,3283,121,750,39641.68,0.0,25729.0,1033.0
Hyndman,15545,2882,135,652,42107.34,0.0,25729.5,1034.0
Delaware Water Gap,18327,577,13,104,85173.625,0.0,25729.75,1035.0
New Philadelphia,17959,1395,73,246,61940.945999999996,0.0,25730.0,1036.0
Falls Creek,15840,1858,125,378,52061.13,0.0,25730.25,1037.0
Elkland,16920,1899,127,479,48508.749,0.0,25731.0,1038.5
Republic,15475,1288,89,342,55134.416,0.0,25731.0,1038.5
Venango,16440,850,61,221,63817.06200000001,0.0,25731.5,1040.0
Hunker,15639,2042,139,321,53662.718,0.0,25731.75,1041.0
East McKeesport,15035,1885,22,469,52375.627,0.0,25732.0,1042.0
Aaronsburg,16820,1698,207,184,57022.125,0.0,25732.5,1043.0
West Finley,15377,689,43,70,85645.088,0.0,25732.75,1044.0
Blossburg,16911,512,22,176,70110.476,0.0,25733.25,1045.0
Hastings,16646,2159,134,579,44777.265999999996,0.0,25733.5,1046.0
Stahlstown,15687,1042,44,329,57812.626,0.0,25734.0,1047.0
Marianna,15345,1370,88,265,59076.83900000001,0.0,25734.75,1048.0
Bear Creek Township,18602,342,10,65,145659.25,0.0,25735.0,1049.0
Dornsife,17823,1252,63,251,61480.467000000004,0.0,25735.25,1050.0
Sheppton,18248,634,0,120,82344.106,0.0,25735.5,1051.0
Highspire,17034,2512,197,270,52810.03599999999,0.0,25736.25,1052.0
Prompton,18456,474,13,70,102438.705,0.0,25736.75,1053.0
Kennerdell,16374,1776,91,442,50207.845,0.0,25737.5,1054.5
Woodbury,16695,1213,123,169,62588.532,0.0,25737.5,1054.5
Dilliner,15327,1521,80,373,53209.873,0.0,25739.0,1056.5
Broad Top City,16621,680,47,128,72394.292,0.0,25739.0,1056.5
Mont Alto,17237,2006,52,307,58014.731,0.0,25739.25,1058.0
North Apollo,15673,1186,23,358,57006.655999999995,0.0,25739.5,1059.0
Pulaski Township,16140,349,76,44,80760.62599999999,0.0,25740.75,1060.0
Sheffield,16347,2007,170,431,47538.64900000001,0.0,25742.0,1061.0
Plumville,15747,1803,116,347,52355.581,0.0,25742.75,1062.0
Fallentimber,16639,1592,100,311,55231.465,0.0,25743.0,1063.0
Karns City,16041,2236,112,452,48805.746,0.0,25743.5,1064.0
Loyalhanna,15661,836,12,112,78907.52799999999,0.0,25744.0,1065.0
Eldred,16731,2342,93,523,46829.18,0.0,25744.25,1066.0
Cyclone,16726,572,50,84,76631.089,0.0,25745.0,1067.0
Bairdford,15006,292,7,58,160479.298,0.0,25745.75,1068.0
New Freeport,15352,939,55,152,67281.09700000001,0.0,25746.0,1069.0
Furlong,18980,438,4,64,135864.25699999998,0.0,25746.25,1070.0
Petersburg,16669,2058,103,516,46405.282,0.0,25746.5,1071.5
Covington Township,16917,1072,28,244,62712.085,0.0,25746.5,1071.5
Dudley,16634,315,10,81,89863.0,0.0,25746.75,1073.5
Roaring Branch,17765,1179,55,147,67672.077,0.0,25746.75,1073.5
Thompsontown,17094,2569,159,599,40763.269,0.0,25747.0,1076.0
Thompson,18465,1208,65,289,57460.282999999996,0.0,25747.0,1076.0
Normalville,15469,2491,79,804,34310.681000000004,0.0,25747.0,1076.0
Hop Bottom,18824,1487,75,425,50610.597,0.0,25747.25,1078.0
Walnut Bottom,17266,506,21,80,83829.76299999999,0.0,25747.5,1079.0
New Enterprise,16664,2156,180,303,51261.096,0.0,25747.75,1080.5
Mildred,18632,655,36,104,74538.322,0.0,25747.75,1080.5
West Decatur,16878,1658,82,283,56945.025,0.0,25748.25,1082.0
Strongstown,15957,527,14,136,72703.692,0.0,25749.0,1083.0
Muir,17957,326,5,59,148574.532,0.0,25749.5,1084.0
Sykesville,15865,1272,77,283,56955.41,0.0,25750.0,1085.0
Stoneboro,16153,2296,154,466,45717.557,0.0,25750.75,1086.5
Coalport,16627,2118,101,399,50117.630999999994,0.0,25750.75,1086.5
Clark,16113,463,8,105,79657.98599999999,0.0,25751.5,1088.0
Knoxville,16928,1447,61,280,57663.63200000001,0.0,25751.75,1089.0
Three Springs,17264,2304,162,520,42975.272000000004,0.0,25752.5,1090.5
Darlington,16115,3369,80,689,39008.206,0.0,25752.5,1090.5
Hawk Run,16840,494,8,68,99964.866,0.0,25752.75,1092.0
East Stroudsburg,18335,788,41,85,75732.218,0.0,25754.5,1093.0
Friendsville,18818,1178,44,269,58704.794,0.0,25755.25,1094.0
Hamburg,19554,436,9,51,152048.105,0.0,25756.25,1095.5
Clarks Mills,16114,613,16,103,77164.732,0.0,25756.25,1095.5
Beech Creek,16822,1850,112,375,49941.177,0.0,25756.75,1097.0
Lyon Station,19536,552,30,92,76143.609,0.0,25757.0,1098.0
Pocono Pines,18350,927,71,360,52350.552,0.0,25757.25,1099.5
Confluence,15424,2006,70,539,45056.67,0.0,25757.25,1099.5
Cheyney,19319,426,0,57,338311.876,0.0,25758.0,1101.0
Salix,15952,1578,167,332,49536.50700000001,0.0,25758.5,1102.0
Midway,15060,873,40,191,63530.486,0.0,25759.25,1103.0
East Smithfield,18817,305,25,34,145031.56,0.0,25759.5,1104.0
Grampian,16838,1825,45,392,51885.777,0.0,25761.0,1105.0
Cressona,17929,1350,69,280,56148.75900000001,0.0,25762.25,1106.5
Spartansburg,16434,3228,475,366,32599.754,0.0,25762.25,1106.5
Beaver Springs,17812,1562,128,350,49714.801,0.0,25762.75,1108.5
Little Meadows,18830,566,14,181,65900.0,0.0,25762.75,1108.5
Laurys Station,18059,925,30,117,71183.33,0.0,25763.75,1110.0
Upperstrasburg,17265,821,41,144,66936.008,0.0,25764.0,1111.5
Timblin,15778,283,7,56,108526.25,0.0,25764.0,1111.5
Pitcairn,15140,3180,256,508,36794.826,0.0,25764.25,1113.5
Fenelton,16034,1831,82,302,54079.457,0.0,25764.25,1113.5
Lewis Run,16738,2476,44,219,61266.530999999995,0.0,25764.75,1115.0
Garland,16416,158,4,58,109473.522,0.0,25765.5,1116.5
Warren Center,18851,624,27,143,68553.532,0.0,25765.5,1116.5
Crabtree,15624,430,0,125,73759.641,0.0,25766.25,1118.0
Bradenville,15620,419,12,162,68143.34700000001,0.0,25766.5,1119.0
Ringgold,15770,229,0,69,96891.446,0.0,25767.75,1120.0
McAlisterville,17049,3358,199,506,39583.467000000004,0.0,25769.0,1121.5
Fredonia,16124,1689,79,399,49242.023,0.0,25769.0,1121.5
Mount Pleasant Mills,17853,3320,160,470,41804.394,0.0,25769.75,1123.0
Brackenridge,15014,3055,174,464,41433.108,0.0,25770.0,1124.0
Weston,18256,368,0,82,85568.82699999999,0.0,25771.0,1125.0
Strausstown,19559,322,52,31,84693.88,0.0,25772.25,1126.5
Mahaffey,15757,1466,48,370,51565.383,0.0,25772.25,1126.5
Boyers,16020,1006,77,187,59910.27099999999,0.0,25772.5,1128.0
Creekside,15732,1541,44,316,54472.434,0.0,25772.75,1129.5
Liberty,16930,1190,55,273,55986.462,0.0,25772.75,1129.5
Avonmore,15618,2511,55,645,38771.497,0.0,25773.0,1131.0
Pleasant Unity,15676,729,135,139,58460.773,0.0,25775.75,1132.0
Chester Heights,19017,206,23,77,76322.9,0.0,25776.0,1133.5
Penfield,15849,1283,59,289,54586.374,0.0,25776.0,1133.5
East Brady,16028,1692,33,387,51062.037000000004,0.0,25777.0,1135.0
Tamiment,18371,670,61,169,61624.837,0.0,25777.25,1136.0
Lyndora,16045,1111,51,102,67773.657,0.0,25778.0,1138.0
Orbisonia,17243,1364,84,372,49164.3,0.0,25778.0,1138.0
Bellwood,16617,2637,114,516,40665.211,0.0,25778.0,1138.0
Seward,15954,2234,76,636,36571.051,0.0,25778.5,1140.0
Tioga,16946,2354,92,466,44478.42,0.0,25779.0,1141.0
Palm,18070,606,38,155,63729.02,0.0,25779.25,1142.0
Big Cove Tannery,17212,673,33,132,66792.604,0.0,25779.5,1143.0
Imler,16655,1666,92,335,50187.45400000001,0.0,25781.5,1144.0
McSherrystown,17344,3515,145,579,34551.879,0.0,25781.75,1145.0
Lakeville,18438,1148,35,394,49857.357,0.0,25782.0,1146.5
Paxinos,17860,2217,128,420,44316.255999999994,0.0,25782.0,1146.5
Fairmount City,16224,1134,77,200,57440.549000000006,0.0,25783.0,1148.0
Hughesville,17762,467,15,128,68052.261,0.0,25783.5,1149.5
Fairchance,15436,2602,114,480,41642.133,0.0,25783.5,1149.5
Alum Bank,15521,1782,109,391,46412.984000000004,0.0,25784.0,1151.5
Germansville,18053,2248,79,430,45778.683,0.0,25784.0,1151.5
Le Raysville,18829,656,20,151,65525.073,0.0,25784.25,1153.0
Fayette City,15438,2087,66,347,50727.934,0.0,25786.0,1154.0
Oaks,19456,869,0,53,101944.929,0.0,25786.5,1155.0
Shirleysburg,17260,979,26,421,48986.542,0.0,25787.0,1156.0
Summerhill,15958,1973,143,423,42296.68900000001,0.0,25788.0,1157.0
Slovan,15078,441,0,187,63114.667,0.0,25788.25,1158.0
Klingerstown,17941,774,44,151,62368.078,0.0,25788.5,1159.0
Renovo,17764,2341,121,627,31429.32,0.0,25788.75,1160.0
Granville Summit,16926,919,78,154,59222.198,0.0,25790.5,1161.0
Hellertown,18081,159,0,77,81610.79,0.0,25790.75,1162.0
Shunk,17768,367,8,107,71319.697,0.0,25791.0,1163.0
Roulette,16746,1156,56,283,53526.78599999999,0.0,25792.0,1164.0
Starlight,18461,269,0,80,80064.20599999999,0.0,25792.25,1165.5
Glen Campbell,15742,1034,58,221,56390.551,0.0,25792.25,1165.5
Sligo,16255,1690,141,333,46460.13400000001,0.0,25793.25,1167.0
Fredericktown,15333,1926,102,268,51663.434,0.0,25793.75,1168.0
Pillow,17080,297,30,59,75631.936,0.0,25794.75,1169.0
Hadley,16130,2089,93,488,40409.513999999996,0.0,25795.25,1170.0
Graysville,15337,447,15,87,72089.34599999999,0.0,25795.75,1171.5
Clarksburg,15725,1452,88,254,52808.030999999995,0.0,25795.75,1171.5
Barnesville,18214,1720,57,544,39077.402,0.0,25797.0,1173.0
Towanda,18814,205,25,37,86482.575,0.0,25799.5,1174.0
Hopewell,16650,1644,64,337,49639.917,0.0,25800.25,1175.5
South Heights,15081,310,13,46,88638.805,0.0,25800.25,1175.5
Spring Run,17262,1494,114,181,54875.763,0.0,25800.5,1177.5
Rices Landing,15357,1513,57,428,44846.624,0.0,25800.5,1177.5
Artemas,17211,387,24,71,72484.338,0.0,25801.5,1179.5
Valley View,17983,1343,31,235,56322.697,0.0,25801.5,1179.5
Morris,16938,749,22,156,62325.78,0.0,25801.75,1181.0
Carrolltown,15722,1984,114,386,43628.862,0.0,25802.0,1182.0
Swiftwater,18370,1600,232,214,46918.295999999995,0.0,25804.0,1183.0
Corsica,15829,1342,66,220,54546.16,0.0,25804.75,1184.0
Laurelton,17835,336,7,28,149099.866,0.0,25806.0,1185.0
Nineveh,15353,134,0,40,111859.729,0.0,25806.25,1186.0
Gallitzin,16641,2519,149,509,31830.447,0.0,25808.0,1187.0
Branchdale,17923,327,5,41,97457.148,0.0,25809.0,1189.0
Smock,15480,1959,136,572,25655.06,0.0,25809.0,1189.0
Mill Hall,17750,245,32,49,75611.046,0.0,25809.0,1189.0
Woodward,16882,407,39,42,75506.852,0.0,25809.25,1191.0
Port Clinton,19549,373,27,48,78003.742,0.0,25809.75,1192.0
Freeland,18221,611,3,31,139491.969,0.0,25810.25,1193.0
Fort Hill,15540,289,10,128,64921.975999999995,0.0,25810.5,1194.0
Snow Shoe,16874,1411,114,272,49336.09099999999,0.0,25810.75,1195.5
Hilliards,16040,971,32,145,61471.197,0.0,25810.75,1195.5
Nicktown,15762,1069,54,214,54983.059,0.0,25811.5,1197.0
Bessemer,16112,1529,41,242,53810.444,0.0,25811.75,1198.0
Galeton,16922,1800,92,488,37045.066,0.0,25812.0,1199.0
Holbrook,15341,772,43,137,60509.04,0.0,25814.5,1200.0
Blairs Mills,17213,597,21,189,57573.685999999994,0.0,25815.25,1201.0
Luxor,15662,759,0,33,127515.535,0.0,25815.5,1202.0
Pittsfield,16340,1795,105,343,45155.532999999996,0.0,25815.75,1203.0
South Fork,15956,2596,193,468,27846.935,0.0,25816.25,1204.0
Shippingport,15077,192,9,41,89260.375,0.0,25817.5,1205.0
Adah,15410,1422,170,195,49481.512,0.0,25818.5,1206.0
Atlasburg,15004,380,0,42,95085.58,0.0,25818.75,1207.0
Sciota,18354,1201,18,284,52472.09400000001,0.0,25819.25,1208.5
Strattanville,16258,1648,108,344,44118.575999999994,0.0,25819.25,1208.5
Clarence,16829,765,74,155,56324.36,0.0,25820.0,1210.0
Leetsdale,15056,1063,31,244,53552.922,0.0,25820.25,1211.0
Waterfall,16689,477,26,116,62727.168,0.0,25821.0,1212.0
Wilmerding,15148,2423,108,401,39976.13,0.0,25821.5,1213.0
Eagles Mere,17731,181,3,80,72229.75,0.0,25821.75,1214.5
Sidman,15955,2266,65,569,27347.428,0.0,25821.75,1214.5
Palmyra,17041,290,0,24,223352.86800000002,0.0,25822.75,1216.0
Cooksburg,16217,128,0,65,77778.484,0.0,25823.25,1217.5
McAdoo,18231,429,47,36,72131.227,0.0,25823.25,1217.5
Mayport,16240,1573,107,266,48355.34099999999,0.0,25824.5,1219.0
Newry,16665,300,7,23,116588.164,0.0,25825.0,1220.0
Indianola,15051,466,16,107,64833.898,0.0,25825.25,1221.5
Six Mile Run,16679,687,33,220,54807.967000000004,0.0,25825.25,1221.5
Slippery Rock,16035,127,7,17,142599.072,0.0,25826.5,1223.5
Clarendon,16313,1785,98,369,41488.775,0.0,25826.5,1223.5
Morgan,15064,257,0,27,117021.21699999999,0.0,25828.0,1225.0
Middleburg,17861,196,27,41,75448.61200000001,0.0,25828.25,1226.0
Glen Hope,16645,189,0,40,91875.464,0.0,25829.75,1227.0
Dravosburg,15034,1710,63,424,40060.42,0.0,25830.25,1228.0
Shamokin Dam,17876,1812,85,430,37482.894,0.0,25830.5,1229.5
Blain,17006,1028,117,137,53958.044,0.0,25830.5,1229.5
Ulysses,16948,1612,63,300,48302.626,0.0,25830.75,1231.0
Lackawaxen,18435,878,21,297,50294.644,0.0,25831.0,1232.0
Derrick City,16727,196,65,11,72549.085,0.0,25831.5,1233.0
Gaines Township,16921,511,25,125,60668.269,0.0,25831.75,1234.0
Reno,16343,629,0,116,64422.64,0.0,25834.25,1235.0
Dalmatia,17017,1500,61,392,41273.792,0.0,25834.5,1236.0
Hustontown,17229,1268,34,273,50615.928,0.0,25835.0,1237.0
Huntington Mills,18622,193,0,77,71755.071,0.0,25836.25,1238.5
New Salem,15468,2461,205,353,32928.971,0.0,25836.25,1238.5
Greensboro,15338,1789,170,272,41695.315,0.0,25838.0,1240.0
Adamsville,16110,328,6,87,67144.25,0.0,25838.25,1241.0
Wiconisco Township,17097,598,53,143,56139.935999999994,0.0,25838.5,1242.0
Fannettsburg,17221,582,22,122,60337.755999999994,0.0,25838.75,1243.0
Forksville,18616,734,15,243,52845.18700000001,0.0,25839.0,1244.0
Newell,15466,521,47,88,61341.492,0.0,25839.5,1245.5
Clarks Summit,18653,200,0,12,141725.958,0.0,25839.5,1245.5
Atlantic,16111,1422,173,215,45357.27,0.0,25839.75,1247.0
Summerville,15864,1489,75,313,45198.08,0.0,25841.25,1248.0
Marienville,16239,4458,26,571,24327.263,0.0,25841.5,1249.0
Carlisle,17081,278,0,194,55910.096,0.0,25842.75,1251.0
Munson,16860,308,0,21,107266.2,0.0,25842.75,1251.0
Tidioute,16351,1521,75,399,38440.723,0.0,25842.75,1251.0
Ambler,19437,1091,26,229,52696.846,0.0,25843.0,1254.0
Mount Jewett,16740,1036,111,174,50706.32,0.0,25843.0,1254.0
Bendersville,17306,337,16,39,77089.207,0.0,25843.0,1254.0
Pleasant Hall,17246,402,12,37,80864.576,0.0,25843.25,1256.0
Millrift,18340,211,0,16,112490.04400000001,0.0,25844.0,1257.0
Wilcox,15870,1151,66,290,46937.60400000001,0.0,25844.25,1258.0
Aleppo,15310,242,27,50,70279.625,0.0,25845.25,1259.0
Dysart,16636,898,40,147,56108.03,0.0,25846.5,1260.5
Garards Fort,15334,251,12,13,98742.545,0.0,25846.5,1260.5
Bulger,15019,1617,72,355,41317.457,0.0,25847.5,1262.0
Tatamy,18085,1170,32,176,54009.532999999996,0.0,25848.0,1263.0
Drumore Township,17518,1618,137,205,47137.087999999996,0.0,25848.5,1264.0
Frenchville,16836,1034,5,258,51478.56,0.0,25849.5,1265.0
Lakewood,18439,526,3,91,65060.904,0.0,25851.0,1266.5
Fryburg,16326,340,14,46,73851.37,0.0,25851.0,1266.5
Coatesville,19316,229,0,39,84174.08300000001,0.0,25851.5,1268.0
York New Salem,17371,235,12,38,78039.87299999999,0.0,25851.75,1269.5
New Galilee,16141,1736,26,278,49144.233,0.0,25851.75,1269.5
Fort Loudon,17224,2077,27,399,40868.595,0.0,25852.5,1271.0
Coolspring,15730,113,8,18,93501.296,0.0,25853.25,1272.0
Cokeburg,15324,671,47,193,52092.560999999994,0.0,25854.0,1273.0
Armagh,15920,656,24,249,50130.16,0.0,25854.25,1274.0
Martins Creek,18063,378,11,138,57616.001,0.0,25855.25,1276.0
Honey Grove,17035,940,50,287,46863.265999999996,0.0,25855.25,1276.0
Leck Kill,17836,221,33,18,76221.396,0.0,25855.25,1276.0
Commodore,15729,1204,31,159,54492.34400000001,0.0,25855.75,1278.0
Hartleton,17829,281,9,45,74615.88,0.0,25856.5,1280.0
Noxen,18636,1343,54,341,42206.19,0.0,25856.5,1280.0
Pottsville,17944,149,2,22,93535.0,0.0,25856.5,1280.0
East Waterford,17021,866,53,249,48533.5,0.0,25857.5,1282.0
Andreas,18211,1077,50,293,45797.13200000001,0.0,25858.25,1283.0
Mifflin,17058,1622,84,286,43634.25,0.0,25859.25,1284.0
Salisbury,15558,2113,107,309,40339.21,0.0,25860.5,1285.0
Cooperstown,16317,1327,55,286,45694.721,0.0,25861.5,1286.0
Morris Run,16939,310,12,36,76364.68400000001,0.0,25861.75,1287.0
Coal Center,15423,2487,40,365,40676.735,0.0,25863.25,1288.0
Markleton,15551,632,9,204,52133.276,0.0,25864.75,1289.0
Lanse,16849,166,16,71,64248.21,0.0,25866.5,1291.0
Allensville,17002,699,53,95,56602.842000000004,0.0,25866.5,1291.0
Delano Township,18220,221,7,48,72221.344,0.0,25866.5,1291.0
Cranberry,16319,1244,38,420,33963.638,0.0,25866.75,1293.0
Breezewood,15533,1292,88,194,48236.00900000001,0.0,25868.0,1294.0
Point Marion,15474,1968,78,250,45180.192,0.0,25868.75,1295.0
Brockport,15823,1123,61,189,50106.581,0.0,25870.25,1296.0
Mills,16937,146,3,37,77956.713,0.0,25871.0,1297.5
Wind Ridge,15380,655,66,88,55594.612,0.0,25871.0,1297.5
Hooversville,15936,1440,21,354,41275.346,0.0,25871.25,1299.0
West Milton,17886,1190,55,214,48471.403,0.0,25872.0,1300.0
Hidden Valley,15502,64,0,37,78779.334,0.0,25872.25,1301.0
Waynesboro,17247,433,0,416,37620.0,0.0,25872.5,1302.0
Crystal Spring,15536,338,6,70,65745.015,0.0,25874.5,1303.0
Jennerstown,15547,936,29,179,51372.835999999996,0.0,25875.0,1304.0
Pleasantville,16341,1617,52,406,30760.644,0.0,25876.25,1305.0
James Creek,16657,1397,63,283,42382.148,0.0,25877.0,1306.0
Cairnbrook,15924,1068,66,202,47973.222,0.0,25877.75,1307.0
Irvona,16656,1259,74,248,44103.905,0.0,25878.25,1308.0
Locust Gap,17840,568,78,128,50963.833,0.0,25881.25,1309.0
Stockertown,18083,351,20,47,66633.052,0.0,25882.25,1310.5
Virginville,19564,66,0,0,91417.0,0.0,25882.25,1310.5
Meadow Lands,15347,345,30,73,58743.919,0.0,25884.75,1312.0
Muncy Valley,17758,841,34,228,47808.431,0.0,25885.25,1313.0
Hyde,16843,408,0,99,59422.32,0.0,25886.0,1314.0
Cassville,16623,552,20,176,50977.017,0.0,25886.75,1315.0
Youngstown,15696,263,3,47,71221.25,0.0,25887.0,1316.0
Riverside,17868,1162,48,355,35756.37,0.0,25887.25,1317.0
East Millsboro,15433,641,0,312,43009.335999999996,0.0,25889.5,1318.0
Schuylkill Haven,17979,118,0,10,85256.64300000001,0.0,25890.0,1319.0
Mill Creek,17060,947,57,180,48251.742,0.0,25891.75,1320.0
Osterburg,16667,1483,99,318,31795.265,0.0,25893.0,1321.0
Ickesburg,17037,862,86,119,49555.93,0.0,25893.75,1322.0
Venus,16364,1260,82,285,37640.43700000001,0.0,25894.25,1323.0
Tresckow,18254,1175,115,200,41892.318,0.0,25894.75,1324.0
Addison,15411,629,22,146,52323.082,0.0,25895.0,1325.0
Big Run,15715,406,11,92,57423.44,0.0,25895.75,1326.0
Gratz,17030,859,67,111,51422.585999999996,0.0,25896.25,1327.0
Starrucca,18462,414,2,64,64637.547999999995,0.0,25897.0,1328.0
Shade Gap,17255,1181,79,288,37074.151,0.0,25897.25,1329.0
Lititz,17606,428,0,428,25907.952,0.0,25898.75,1330.0
Great Bend,18821,1203,46,283,40244.627,0.0,25899.0,1331.0
Avis,17721,1532,74,348,26616.3,0.0,25901.0,1332.5
Lawton,18828,337,8,42,68749.204,0.0,25901.0,1332.5
Koppel,16136,772,48,176,47684.645,0.0,25902.0,1335.0
Rockton,15856,804,48,215,45407.05,0.0,25902.0,1335.0
Rochester Mills,15771,848,26,190,48117.746,0.0,25902.0,1335.0
Pittsburgh,15225,1006,34,240,43888.651,0.0,25903.75,1337.0
Dunlevy,15432,453,12,116,54101.129,0.0,25904.25,1338.0
Adrian,16210,849,54,199,45986.21,0.0,25904.5,1339.0
Troutville,15866,259,19,33,67029.231,0.0,25905.75,1340.0
Smethport,16733,208,0,140,52740.223,0.0,25906.75,1341.0
Tionesta,16370,271,3,118,54678.349,0.0,25907.5,1342.0
Osceola Township,16942,842,92,141,46036.342000000004,0.0,25909.5,1343.0
Jacobs Creek,15448,234,0,25,75256.13,0.0,25911.0,1344.0
Garrett,15542,1067,35,275,40092.38,0.0,25911.25,1345.5
Girardville,17935,1464,54,257,39981.504,0.0,25911.25,1345.5
Mather,15346,495,0,91,57616.515999999996,0.0,25911.75,1347.0
Carlton,16311,453,17,84,55861.25,0.0,25914.5,1348.0
Northern Cambria,15775,817,9,166,49671.3,0.0,25916.25,1349.0
Anita,15711,417,30,78,54819.239,0.0,25917.75,1350.0
St. Michael,15951,432,0,197,47385.029,0.0,25918.0,1351.0
Buffalo Mills,15534,901,32,219,43876.584,0.0,25919.75,1352.0
Hillsgrove,18619,239,18,56,60448.655999999995,0.0,25920.25,1353.0
Penn,15675,1164,208,136,33682.646,0.0,25920.5,1354.0
Josephine,15750,177,8,89,55826.875,0.0,25920.75,1355.0
New Bethlehem,16245,229,19,41,62763.528,0.0,25921.5,1356.0
Mainesburg,16932,810,82,145,44885.4,0.0,25922.0,1357.0
Freeburg,17827,796,23,259,40266.63200000001,0.0,25922.25,1358.0
Harmonsburg,16422,366,10,34,66755.605,0.0,25923.75,1359.0
Sutersville,15083,750,16,248,41521.026,0.0,25924.25,1360.0
Seltzer,17974,291,42,93,51446.66099999999,0.0,25925.5,1361.0
Harwick,15049,904,17,214,43813.652,0.0,25926.0,1362.0
Yukon,15698,567,29,276,37289.615,0.0,25927.0,1363.0
Altoona,16624,189,21,31,63820.324,0.0,25927.5,1364.0
Brookville,15847,277,13,80,55656.606,0.0,25927.75,1365.5
Utica,16362,863,25,291,35130.223,0.0,25927.75,1365.5
Lake Lynn,15451,1313,78,243,34094.971,0.0,25928.5,1367.0
Cumbola,17930,318,7,57,60839.605,0.0,25928.75,1368.0
Flinton,16640,707,59,208,40352.466,0.0,25930.25,1369.0
Ramey,16671,472,14,79,55188.70200000001,0.0,25930.5,1370.0
Luthersburg,15848,954,31,231,41104.641,0.0,25930.75,1371.5
Robinson,15949,409,4,179,47016.043,0.0,25930.75,1371.5
Adamsburg,15611,514,22,43,59964.06400000001,0.0,25932.75,1373.0
Daisytown,15427,971,59,208,39890.339,0.0,25933.75,1374.0
Montandon,17850,686,59,160,43216.017,0.0,25934.0,1375.0
Doylesburg,17219,506,5,226,42233.504,0.0,25934.75,1376.0
Kossuth,16331,49,0,0,74518.121,0.0,25937.25,1377.0
Unionville,16835,295,17,37,62095.139,0.0,25937.75,1378.0
Ford City,16236,282,15,72,55216.52099999999,0.0,25938.75,1379.5
Pitman,17964,819,62,185,40918.792,0.0,25938.75,1379.5
State Line,17263,799,123,205,26948.439,0.0,25943.0,1381.0
Tuscarora Township,17982,502,8,180,44842.02400000001,0.0,25943.75,1382.5
Punxsutawney,15780,116,0,44,63607.950999999994,0.0,25943.75,1382.5
Brisbin,16620,323,2,89,53841.25,0.0,25945.25,1384.0
Burnt Cabins,17215,253,0,39,64984.08,0.0,25947.0,1385.0
Waterville,17776,232,9,75,54873.057,0.0,25947.25,1386.0
Sinnemahoning,15861,135,8,56,58198.362,0.0,25947.5,1387.0
Neelyton,17239,156,9,27,65275.97,0.0,25949.25,1388.0
Weikert,17885,235,5,70,56390.055,0.0,25950.25,1389.0
Schaefferstown,17088,745,41,225,35821.466,0.0,25951.5,1390.0
Sabinsville,16943,399,28,167,42521.25,0.0,25952.25,1391.0
Elderton,15736,835,24,184,40962.12,0.0,25953.75,1392.0
Townville,16360,1387,64,241,27984.262000000002,0.0,25954.25,1393.5
Collegeville,19474,344,0,60,58291.592000000004,0.0,25954.25,1393.5
Bruin,16022,383,25,73,51969.195999999996,0.0,25955.0,1395.0
Vintondale,15961,750,35,146,43611.0,0.0,25956.25,1396.0
North Bend,17760,576,37,145,43240.0,0.0,25956.75,1397.0
Hartstown,16131,871,48,175,39717.497,0.0,25957.25,1398.0
Elrama,15038,470,0,31,65626.38900000001,0.0,25957.5,1399.0
Robertsdale,16674,643,55,134,42138.378,0.0,25957.75,1400.0
"Lamar, Pennsylvania",16848,352,7,46,59403.72,0.0,25958.25,1401.0
Gilbert,18331,628,47,264,24322.728,0.0,25958.5,1402.0
Wrightsville,17317,565,40,77,49582.404,0.0,25959.5,1403.0
Madison,15663,466,7,82,52553.045999999995,0.0,25960.75,1404.0
Marble,16334,330,14,86,51149.236,0.0,25961.0,1406.0
Spring Creek,16436,859,74,231,24819.217999999997,0.0,25961.0,1406.0
Palmerton,18030,734,16,104,49334.115999999995,0.0,25961.0,1406.0
Calvin,16622,132,0,45,61036.46900000001,0.0,25963.5,1408.0
Grassflat,16834,616,40,99,46635.78400000001,0.0,25964.5,1409.0
Fairhope Township,15538,665,31,210,35491.232,0.0,25965.25,1410.5
Duke Center,16729,707,4,113,49116.504,0.0,25965.25,1410.5
Tamaqua,18245,242,0,189,41006.07,0.0,25965.5,1412.0
Grassflat,16839,601,22,59,53497.295999999995,0.0,25966.25,1413.0
Blue Ridge Summit,17214,828,15,295,19034.186,0.0,25967.0,1414.0
West Springfield,16443,1166,90,186,27251.543999999998,0.0,25968.25,1415.0
Palmerton,18244,287,23,65,51863.288,0.0,25969.5,1416.0
Smithmill,16680,303,0,82,52852.43700000001,0.0,25969.75,1417.0
Millheim,16854,597,24,78,49693.875,0.0,25970.0,1418.5
West Pittsburg,16160,907,14,251,30507.19,0.0,25970.0,1418.5
Creighton,15030,1124,56,146,38676.272000000004,0.0,25970.25,1420.0
Hillsdale,15746,83,0,35,62724.935999999994,0.0,25971.25,1421.0
Middleport,17953,371,17,78,50582.542,0.0,25972.25,1422.0
Lebanon,17083,126,0,0,68406.272,0.0,25972.5,1423.0
Madera,16661,834,39,179,36080.619,0.0,25972.75,1424.0
Rector,15677,257,0,79,52916.55,0.0,25974.75,1425.0
Ellsworth,15331,753,18,163,40649.097,0.0,25975.25,1426.0
Wood,16694,191,7,33,60774.539000000004,0.0,25975.75,1427.0
Irvine,16329,483,7,76,52059.337999999996,0.0,25976.5,1428.0
Wells Tannery,16691,318,20,113,45812.73,0.0,25976.75,1429.0
Rixford,16745,642,20,225,31652.88,0.0,25977.75,1430.0
Hyde Park,15641,486,43,107,43078.81400000001,0.0,25978.25,1431.5
Marion Heights,17832,687,38,144,40066.521,0.0,25978.25,1431.5
Stockdale,15483,369,29,108,44998.64900000001,0.0,25979.0,1433.0
Spruce Creek,16683,259,6,65,53677.76,0.0,25980.0,1434.0
Westover,16692,811,58,140,36586.237,0.0,25980.5,1435.0
Callensburg,16213,123,4,29,61973.34099999999,0.0,25982.5,1436.0
New Salem,15422,140,0,22,64187.263,0.0,25982.75,1437.0
La Jose,15753,480,29,86,47027.015999999996,0.0,25984.0,1438.0
Line Lexington,18932,311,14,137,41816.982,0.0,25984.5,1439.0
Claridge,15623,817,168,95,21818.661,0.0,25987.75,1440.0
Dry Run,17220,502,44,133,38615.241,0.0,25990.75,1441.0
Fairbank,15435,429,16,130,41645.536,0.0,25991.25,1442.0
Westmoreland City,15692,852,121,113,26128.118,0.0,25991.5,1443.0
Ashland,17920,278,0,108,46831.926,0.0,25992.0,1444.0
Foxburg,16036,322,35,90,44291.675,0.0,25993.5,1445.0
New Germantown,17071,110,3,21,62356.25,0.0,25993.75,1446.5
Lake Harmony,18624,389,0,139,41939.017,0.0,25993.75,1446.5
Cherry Tree,15712,215,9,41,56300.0,0.0,25994.75,1448.0
Brockton,17925,294,25,62,49291.125,0.0,25996.75,1449.0
Olanta,16863,443,19,118,41885.055,0.0,25997.25,1450.0
Winburne,16879,460,17,104,44249.77400000001,0.0,25997.75,1451.0
New Berlin,17855,906,44,157,31083.17,0.0,25998.75,1452.0
Roscoe,15477,789,15,162,36195.233,0.0,26000.25,1453.0
Bobtown,15315,648,132,63,31829.78200000001,0.0,26000.5,1454.0
Rural Valley,16244,424,72,108,35171.751000000004,0.0,26000.75,1455.0
Everson,15631,970,73,103,36170.808,0.0,26002.0,1456.0
Russellton,15076,723,62,127,32356.826,0.0,26003.0,1457.0
Mifflinville,18631,973,22,204,22846.884,0.0,26003.5,1458.0
Moshannon,16859,465,10,62,51159.712,0.0,26004.5,1459.0
Harrison Valley,16927,545,29,136,36833.619,0.0,26005.0,1460.0
Howard,16826,376,5,118,42501.545999999995,0.0,26006.0,1461.5
Hesston,16647,765,14,141,37534.106,0.0,26006.0,1461.5
Smock,15449,229,0,94,46404.356,0.0,26010.25,1463.5
Tyler Hill,18469,279,12,212,17798.341,0.0,26010.25,1463.5
Larimer,15647,325,0,97,45348.264,0.0,26014.0,1465.0
Wilmore,15962,267,22,25,54198.125,0.0,26016.75,1466.0
Walnutport,18086,725,0,188,25127.476000000002,0.0,26018.75,1467.0
Wheatland,16161,567,34,144,29797.857999999997,0.0,26019.25,1468.0
Spring Glen,17978,296,5,93,44242.532999999996,0.0,26019.75,1469.0
Springs,15562,321,12,130,36393.125,0.0,26020.5,1470.0
Hawthorn,16230,467,19,130,35100.937000000005,0.0,26020.75,1471.0
Factoryville,18625,437,10,115,39991.083,0.0,26021.25,1472.0
Chambersburg,17235,886,123,92,5663.7019999999975,0.0,26022.25,1473.0
East Butler,16029,931,19,83,42728.901,0.0,26022.75,1474.0
Saint Benedict,15773,660,47,109,32929.705,0.0,26023.25,1475.5
Arona,15617,291,6,60,49704.88200000001,0.0,26023.25,1475.5
Black Lick,15716,876,29,175,12286.034,0.0,26024.75,1477.0
Vanderbilt,15455,381,35,103,35987.0,0.0,26026.75,1478.5
Clarendon,16352,189,4,37,54450.32700000001,0.0,26026.75,1478.5
Wilburton,17888,414,11,99,40910.804,0.0,26028.0,1480.0
Slickville,15684,695,17,181,11135.85,0.0,26028.5,1481.0
Grand Valley,16420,499,23,149,26543.985,0.0,26030.75,1482.0
Sacramento,17968,210,16,37,51348.5,0.0,26032.0,1483.0
Pulaski Township,16155,135,0,131,35659.407,0.0,26034.5,1484.0
Endeavor,16322,86,0,11,58531.252,0.0,26035.0,1485.0
Sturgeon,15082,153,0,84,44784.492,0.0,26036.75,1486.5
Mahanoy Plane,17949,209,3,50,50917.578,0.0,26036.75,1486.5
Yatesboro,16263,251,6,49,50306.71400000001,0.0,26037.25,1488.0
Eau Claire,16030,322,23,79,40461.334,0.0,26037.5,1489.0
Manor,15665,1172,86,94,15216.84,0.0,26039.0,1490.0
New Derry,15671,625,54,81,33159.261,0.0,26040.0,1491.0
Vandergrift,15629,697,60,74,33161.833,0.0,26041.5,1492.0
Brownstown,17508,302,42,72,37663.878,0.0,26041.75,1493.0
Foxburg,16054,344,6,103,38518.383,0.0,26042.25,1494.0
Coburn,16832,503,14,73,42941.874,0.0,26042.5,1495.0
Mechanicsburg,17072,243,31,136,20625.0,0.0,26044.5,1496.0
Colver,15927,857,32,115,26499.034,0.0,26044.75,1497.5
Rockhill Furnace,17249,348,14,69,43648.367999999995,0.0,26044.75,1497.5
Clarksburg,15727,171,25,20,51574.488,0.0,26045.5,1499.0
Saxton,16672,242,29,46,45790.24400000001,0.0,26046.75,1500.0
Portland,18351,549,54,45,39595.349,0.0,26048.75,1501.0
Pine Grove Mills,16868,725,0,162,16844.07,0.0,26049.5,1502.5
Mount Pleasant,15689,202,20,22,51810.31400000001,0.0,26049.5,1502.5
Turtlepoint,16750,371,17,55,45814.187999999995,0.0,26049.75,1504.0
Ford Cliff,16228,372,7,90,39823.25,0.0,26050.0,1505.0
Blandburg,16619,318,10,45,49101.068,0.0,26050.25,1506.0
Gilberton,17934,304,3,88,40392.492999999995,0.0,26054.5,1507.0
Forbes Road,15633,517,40,120,11775.04,0.0,26055.0,1508.0
Dickerson Run,15430,339,8,83,40279.75,0.0,26055.25,1509.0
Uniontown,15489,319,13,96,35088.804,0.0,26055.75,1510.0
Preston Park,18455,134,0,85,41147.674,0.0,26057.0,1511.0
Ludlow,16333,269,11,69,42700.25,0.0,26057.5,1512.0
Junedale,18230,91,0,16,55364.200999999994,0.0,26057.75,1513.0
New Millport,16861,335,26,100,28015.476000000002,0.0,26058.5,1514.0
Rouseville,16344,436,50,63,33597.256,0.0,26060.0,1515.0
Harford Township,18823,194,9,43,48399.852999999996,0.0,26062.5,1516.0
Cherry Tree,15738,169,7,55,45806.615,0.0,26064.75,1517.0
La Belle,15450,2414,0,135,21024.942000000006,0.0,26065.0,1518.0
Madisonburg,16852,193,6,49,47181.50900000001,0.0,26065.25,1519.0
Concord,17217,155,6,38,49619.37,0.0,26065.75,1520.0
Home,16246,208,6,44,48405.424000000006,0.0,26068.25,1521.0
Allenport,15412,426,19,110,21857.708,0.0,26068.75,1522.0
Warrendale,15086,422,0,132,20469.218,0.0,26069.25,1523.0
Driftwood,15832,231,4,93,34370.296,0.0,26071.0,1524.0
Jenners,15546,523,17,129,0.0,0.0,26071.5,1525.0
Worthville,15784,46,0,16,53772.5,0.0,26072.0,1526.0
Muse,15350,490,40,77,25125.221,0.0,26073.75,1527.0
Clarington,15828,217,2,78,40166.034,0.0,26074.25,1528.0
Waynesboro,17272,342,0,131,12931.258,0.0,26076.75,1529.0
Lenoxville,18441,385,16,118,7242.75,0.0,26077.25,1530.0
Rebuck,17867,150,7,40,47669.761,0.0,26079.75,1531.0
Callery,16024,310,6,29,49948.3,0.0,26081.5,1532.5
Montrose,18843,185,14,23,49533.935,0.0,26081.5,1532.5
Coatesville,19358,633,45,16,43171.867,0.0,26083.0,1534.0
Langeloth,15054,315,77,50,6765.344,0.0,26083.25,1535.0
Tuscarora Township,17952,223,2,62,42051.537000000004,0.0,26084.0,1536.0
Ebensburg,15922,259,4,97,25830.555,0.0,26086.25,1537.5
Uniontown,15472,142,0,43,47557.895,0.0,26086.25,1537.5
Wallaceton,16876,268,32,31,41893.031,0.0,26086.5,1539.0
Nemacolin,15351,943,29,53,35953.352999999996,0.0,26089.0,1540.0
Clintonville,16372,546,30,76,21525.494,0.0,26089.5,1541.0
Emigsville,17318,376,63,54,11357.528,0.0,26090.75,1542.0
Twin Rocks,15960,255,4,44,45811.288,0.0,26092.25,1543.0
Dixonville,15734,463,37,63,23404.514,0.0,26093.5,1544.0
Vowinckel,16260,293,0,96,25509.894,0.0,26093.75,1545.0
Lake Ariel,18473,501,37,57,26000.064,0.0,26094.75,1546.0
Forest City,18413,189,5,110,6962.5880000000025,0.0,26095.25,1547.0
Vestaburg,15368,357,13,71,32586.022,0.0,26096.0,1548.0
Todd Township,16685,274,43,49,26977.035,0.0,26096.25,1549.5
Willow Hill,17271,292,21,52,37966.509,0.0,26096.25,1549.5
Strabane,15363,418,0,75,36877.636,0.0,26096.75,1551.0
Lake Como,18437,214,21,60,34053.246,0.0,26097.75,1553.0
Rillton,15678,671,0,70,38430.605,0.0,26097.75,1553.0
Alverton,15612,366,15,70,31474.026,0.0,26097.75,1553.0
Railroad,17355,321,14,27,46809.0,0.0,26098.25,1555.0
Oliveburg,15764,143,3,62,38276.992999999995,0.0,26104.25,1556.0
West Elizabeth,15088,507,44,33,33742.745,0.0,26104.75,1557.0
Cedar Run,17727,81,0,50,43114.355,0.0,26105.25,1558.0
Erwinna,18920,205,0,71,35198.247,0.0,26108.75,1559.0
Waterford,16427,146,4,27,48091.072,0.0,26109.0,1560.0
Mount Union,17075,167,23,27,42385.625,0.0,26109.5,1561.0
Allport,16821,301,0,33,47450.164000000004,0.0,26109.75,1562.0
Clymer,15739,574,37,54,20910.957,0.0,26110.5,1563.0
Fishertown,15539,296,25,60,24714.375,0.0,26111.25,1564.0
Crucible,15325,341,30,63,14984.098,0.0,26111.75,1565.0
Orrstown,17251,80,0,7,50604.375,0.0,26113.0,1566.0
Hiller,15444,676,10,76,23250.7,0.0,26113.5,1567.0
State College,16851,657,28,55,25096.182,0.0,26114.0,1568.0
Grapeville,15634,320,11,67,29831.666,0.0,26114.5,1569.0
Girardville,17946,115,0,0,50807.25,0.0,26115.0,1570.0
Jones Mills,15646,288,0,10,49920.758,0.0,26116.25,1571.0
Cassandra,15925,167,6,21,47470.739,0.0,26118.75,1572.5
Punxsutawney,15733,152,5,74,26623.217,0.0,26118.75,1572.5
Shanksville,15560,129,6,30,45248.056,0.0,26119.5,1574.0
James City,16734,250,22,45,33553.383,0.0,26119.75,1575.0
Ashland,17945,135,6,24,46908.16,0.0,26120.5,1576.0
Jerome,15937,600,0,74,30692.716,0.0,26120.75,1577.0
Meyersdale,15532,144,22,15,44455.599,0.0,26121.5,1578.0
Perryopolis,15482,241,0,87,12715.778999999999,0.0,26122.75,1579.0
Milanville,18443,269,17,71,9248.607,0.0,26123.0,1580.0
Elco,15434,308,5,64,30980.0,0.0,26124.75,1581.0
Sheakleyville,16151,81,3,1,49500.138,0.0,26125.25,1582.0
McKeesport,15028,143,3,62,32321.75,0.0,26126.25,1583.0
Avonmore,15680,166,5,55,34743.685,0.0,26127.5,1584.0
Petrolia,16048,104,0,13,48221.316,0.0,26130.5,1585.0
Three Springs,17253,343,11,40,38092.821,0.0,26131.25,1586.0
Hydetown,16328,215,52,23,24001.731,0.0,26132.0,1587.5
Sandy Ridge,16677,204,22,64,0.0,0.0,26132.0,1587.5
New Buffalo,17069,140,17,34,37589.885,0.0,26132.75,1589.0
Smethport,16730,68,0,16,47437.00900000001,0.0,26133.0,1590.0
Westport,17778,165,36,44,14560.0,0.0,26134.0,1591.0
Acosta,15520,310,0,39,41670.59,0.0,26134.75,1592.0
Benezett,15821,122,2,34,42487.318,0.0,26135.75,1593.5
Danville,17884,188,25,38,30526.9,0.0,26135.75,1593.5
Wellersburg,15564,49,3,16,46521.977,0.0,26136.25,1595.0
Lopez,18628,199,14,27,40544.995,0.0,26138.75,1596.0
Burnside,15721,175,5,47,35453.125,0.0,26139.25,1597.0
Sagamore,16250,502,59,20,7121.8269999999975,0.0,26140.5,1598.0
Webster,15087,73,0,26,44795.0,0.0,26141.25,1599.0
Spring Grove,17311,211,6,61,23718.825,0.0,26141.5,1600.0
Force,15841,383,12,49,28009.935,0.0,26143.25,1601.0
Hazleton,18242,372,24,32,31495.326,0.0,26143.5,1602.0
New Geneva,15467,123,0,58,30255.591,0.0,26145.25,1603.0
Gifford,16732,189,6,49,31524.786,0.0,26145.5,1604.0
Myerstown,19544,159,5,38,38055.0,0.0,26146.0,1605.5
Cadogan,16212,267,14,45,29079.834,0.0,26146.0,1605.5
Hillsville,16132,347,40,33,14528.325,0.0,26146.25,1607.0
Allison,15413,347,17,59,2224.728,0.0,26147.25,1608.0
Smithfield,15460,166,16,26,37364.086,0.0,26150.75,1609.0
Swengel,17880,149,10,2,45317.727999999996,0.0,26153.25,1610.0
Connoquenessing,16027,276,7,49,26322.345,0.0,26154.0,1611.0
Point Pleasant,18950,204,0,74,0.0,0.0,26154.25,1612.0
Swiftwater,18349,228,40,22,21435.882,0.0,26154.75,1613.0
Stump Creek,15863,184,7,51,24944.414,0.0,26155.25,1614.0
Rogersville,15359,203,18,23,36376.984,0.0,26158.0,1615.0
Shelocta,15756,171,10,42,28239.302000000003,0.0,26158.75,1616.5
Trexlertown,18087,779,11,51,17568.368000000002,0.0,26158.75,1616.5
Ralston,17763,217,4,47,29112.5,0.0,26160.5,1618.0
Pottsville,17951,389,33,25,21720.915,0.0,26160.75,1619.0
South Sterling,18460,89,0,64,0.0,0.0,26166.75,1620.0
Rock Glen,18246,334,35,20,19786.061999999998,0.0,26168.0,1621.5
South Gibson,18842,209,7,47,21451.96,0.0,26168.0,1621.5
Seminole,16253,102,6,24,38555.115,0.0,26172.25,1623.0
New Bethlehem,16223,130,6,46,20157.604,0.0,26174.25,1625.0
Cross Fork,17729,72,8,29,34089.375,0.0,26174.25,1625.0
Union Dale,18454,65,6,44,24258.151,0.0,26174.25,1625.0
Watsontown,17749,279,5,22,38347.106,0.0,26177.0,1627.0
Nelson Township,16940,213,8,26,34226.659,0.0,26180.75,1628.0
Alverda,15710,124,2,30,34701.792,0.0,26183.5,1629.0
Heilwood,15745,196,4,42,22018.947999999997,0.0,26183.75,1630.0
Beccaria,16616,164,0,40,27700.62200000001,0.0,26184.25,1631.0
Montrose,18816,101,0,42,24998.875,0.0,26185.0,1632.0
Philadelphia,19113,82,7,30,30176.597999999998,0.0,26186.0,1633.0
Glen Richey,16837,203,26,11,28898.254,0.0,26188.25,1634.0
Bradford,16725,179,0,6,40614.324,0.0,26188.5,1635.0
Millsboro,15348,186,30,13,21459.452,0.0,26189.0,1636.0
Beaverdale,15921,76,0,47,13818.64,0.0,26192.0,1637.0
Lock Haven,17748,148,3,46,6836.646,0.0,26193.25,1638.5
Kane,16728,33,4,6,39421.25,0.0,26193.25,1638.5
Bigler,16825,246,0,50,0.0,0.0,26194.5,1640.0
White,15490,407,11,32,15840.81,0.0,26194.75,1641.0
Loysburg,16659,230,0,29,33110.182,0.0,26195.25,1642.0
Fort Littleton,17223,288,10,32,18170.353,0.0,26195.5,1643.0
Marsteller,15760,137,18,29,5334.2159999999985,0.0,26196.75,1644.0
Genesee Township,16941,88,0,18,35632.572,0.0,26198.5,1645.0
White Deer,17887,656,32,0,29194.958,0.0,26199.25,1646.0
Gibbon Glade,15440,125,0,42,11288.58,0.0,26201.75,1647.0
Indian Head,15446,162,0,31,27513.75,0.0,26203.75,1648.0
Kylertown,16847,317,3,32,23519.982000000004,0.0,26204.0,1649.0
Entriken,16638,40,2,5,36456.875,0.0,26206.25,1650.0
Rew,16744,245,12,27,14242.444,0.0,26206.5,1651.0
Middleburg,17862,384,8,29,15457.0,0.0,26207.75,1652.0
West Middletown,15379,108,1,25,29768.604,0.0,26208.25,1653.0
Quecreek,15561,185,14,19,22537.528,0.0,26209.75,1654.0
Lehighton,18212,86,0,39,4531.976,0.0,26212.5,1655.0
Crosby,16724,122,4,26,23278.61,0.0,26215.0,1656.5
Joffre,15053,107,8,27,14242.405,0.0,26215.0,1656.5
Home,16211,79,0,26,24957.5,0.0,26216.75,1658.0
McClellandtown,15454,97,14,14,23444.863999999998,0.0,26217.0,1659.0
Byrnedale,15827,317,0,16,29912.19,0.0,26218.75,1660.5
Glen Campbell,15741,58,0,26,24323.368,0.0,26218.75,1660.5
Birdsboro,19523,95,22,14,2057.5,0.0,26219.0,1662.0
Starford,15777,74,0,32,14979.888,0.0,26220.25,1663.0
Mechanicsburg,17027,1908,22,13,739.068,0.0,26221.75,1664.0
Hannastown,15635,110,0,34,6378.75,0.0,26222.0,1665.0
Quecreek,15555,54,2,9,30838.37200000001,0.0,26222.5,1666.0
Milesburg,16853,210,14,15,13841.032,0.0,26227.25,1667.0
Gray,15544,102,0,33,0.0,0.0,26227.75,1668.0
West Lebanon,15783,78,6,17,21416.738999999998,0.0,26229.0,1669.0
Amberson,17210,119,13,19,0.0,0.0,26230.0,1670.0
Ashland,17943,111,0,18,20953.317,0.0,26233.0,1671.0
Melcroft,15462,321,11,12,15875.208999999999,0.0,26233.75,1672.5
Uledi,15484,557,0,30,0.0,0.0,26233.75,1672.5
Punxsutawney,15781,86,0,16,18536.103,0.0,26238.0,1674.0
Pottersdale,16871,64,0,15,19647.308999999997,0.0,26239.25,1675.0
Elmora,15737,78,5,21,0.0,0.0,26239.5,1677.0
Sprankle Mills,15776,56,4,19,8133.75,0.0,26239.5,1677.0
Mentcle,15761,132,4,10,20127.5,0.0,26239.5,1677.0
Hamilton,15744,145,11,7,12534.39,0.0,26241.0,1679.0
Mifflintown,17056,120,0,0,24369.375,0.0,26242.5,1680.0
Lairdsville,17742,46,15,7,0.0,0.0,26246.0,1681.0
Cammal,17723,54,1,8,16086.018,0.0,26247.5,1682.0
Milton,17865,35,1,5,17500.0,0.0,26248.75,1683.0
Windber,15930,201,0,16,0.0,0.0,26250.75,1684.0
Cardale,15420,250,0,14,4016.304,0.0,26251.0,1685.0
Salona,17767,31,0,0,14463.75,0.0,26254.75,1686.0
Hostetter,15638,79,0,12,0.0,0.0,26255.25,1687.0
Boyertown,19545,1015,0,0,4774.367,0.0,26260.75,1688.0
Lickingville,16332,29,0,5,0.0,0.0,26261.25,1689.0
