Zip_code,Total population,Population < 5 years,Population between 65 to 74 years,Population between 75 to 84 years,Population >= 85,Median age (years),city,total targeted population,city rank,rank
15003,11212,569,1327,484,279,41.7,Ambridge,2659,1.0,387.0
15004,380,0,34,8,0,30.8,Atlasburg,42,1.0,1574.5
15005,9191,289,1394,708,432,51.0,Baden,2823,1.0,367.0
15006,292,7,40,18,0,51.7,Bairdford,65,1.0,1487.0
15007,629,0,135,179,100,73.5,Bakerstown,414,1.0,1024.0
15009,15114,789,1739,1403,576,45.9,Beaver,4507,1.0,215.0
15010,27205,1519,3197,1561,1057,40.9,Beaver Falls,7334,1.0,82.0
15012,15243,796,1937,1057,601,47.4,Belle Vernon,4391,1.0,224.0
15014,3055,174,310,143,11,41.5,Brackenridge,638,1.0,856.0
15015,1267,108,163,92,22,43.4,Bradfordwoods,385,1.0,1049.5
15017,15363,811,1744,970,915,44.6,Bridgeville,4440,1.0,222.0
15018,1296,103,84,167,19,56.2,Buena Vista,373,1.0,1058.5
15019,1617,72,198,56,101,43.7,Bulger,427,1.0,1009.0
15021,7093,264,886,518,339,50.7,Burgettstown,2007,1.0,469.5
15022,9692,470,1098,555,236,45.5,Charleroi,2359,1.0,424.0
15024,8555,430,1069,518,333,48.2,Cheswick,2350,1.0,425.0
15025,15911,887,1859,927,699,44.2,Clairton,4372,1.0,227.0
15026,3324,221,254,163,51,37.5,Clinton,689,1.0,838.0
15027,2287,105,213,297,65,49.0,Conway,680,1.0,842.0
15028,143,3,26,26,10,59.1,McKeesport,65,5.0,1487.0
15030,1124,56,76,42,28,40.8,Creighton,202,1.0,1223.5
15031,451,9,53,43,0,37.4,Cuddy,105,1.0,1372.0
15033,4675,306,602,278,79,47.1,Donora,1265,1.0,618.0
15034,1710,63,183,113,128,48.6,Dravosburg,487,1.0,955.5
15035,1885,22,263,126,80,54.0,East McKeesport,491,1.0,952.5
15037,10239,463,1311,715,468,49.0,Elizabeth,2957,1.0,349.0
15038,470,0,0,14,17,35.5,Elrama,31,1.0,1622.0
15042,7951,441,1428,895,321,52.3,Freedom,3085,1.0,330.0
15043,2228,150,326,150,7,48.1,Georgetown,633,1.0,859.0
15044,28105,1573,3228,1641,962,46.5,Gibsonia,7404,1.0,81.0
15045,4338,314,413,154,97,40.7,Glassport,978,1.0,713.0
15046,2573,131,331,153,59,47.3,Glenwillard,674,1.0,844.0
15049,904,17,117,77,20,56.0,Harwick,231,1.0,1196.0
15050,2690,80,240,193,5,44.1,Hookstown,518,1.0,931.5
15051,466,16,97,10,0,42.7,Indianola,123,1.0,1341.5
15052,2958,142,373,151,39,43.8,Industry,705,1.0,826.5
15053,107,8,21,6,0,60.1,Joffre,35,1.0,1605.5
15054,315,77,26,0,24,26.6,Langeloth,127,1.0,1333.0
15055,1030,70,226,112,22,58.0,Lawrence,430,1.0,1003.0
15056,1063,31,128,92,24,47.1,Leetsdale,275,1.0,1151.0
15057,16834,1180,1407,771,361,40.3,McDonald,3719,1.0,271.0
15059,4227,255,395,273,112,39.9,Midland,1035,1.0,697.0
15060,873,40,99,74,18,45.0,Midway,231,1.0,1196.0
15061,12178,789,1199,677,275,40.1,Monaca,2940,1.0,352.0
15062,7287,424,854,529,287,47.3,Monessen,2094,1.0,454.0
15063,11511,433,1062,833,546,47.3,Monongahela,2874,1.0,358.5
15064,257,0,19,8,0,42.2,Morgan,27,1.0,1633.0
15065,11280,472,1418,829,228,47.4,Natrona Heights,2947,1.0,350.0
15066,12487,871,1708,659,247,43.5,New Brighton,3485,1.0,293.0
15067,2532,136,458,88,86,47.5,New Eagle,768,1.0,793.0
15068,37442,1668,4514,1925,1108,46.9,New Kensington,9215,1.0,49.0
15071,11595,582,1018,374,154,40.7,Oakdale,2128,1.0,448.0
15074,8190,467,843,511,184,44.4,Rochester,2005,1.0,471.0
15076,723,62,65,51,11,46.6,Russellton,189,1.0,1241.0
15077,192,9,12,13,16,41.2,Shippingport,50,1.0,1547.5
15078,441,0,84,67,36,53.2,Slovan,187,1.0,1246.5
15081,310,13,23,17,6,47.8,South Heights,59,1.0,1511.0
15082,153,0,18,66,0,65.4,Sturgeon,84,1.0,1428.0
15083,750,16,196,27,25,55.3,Sutersville,264,1.0,1165.5
15084,10034,655,1357,277,582,48.1,Tarentum,2871,1.0,360.0
15085,7479,344,1152,461,187,48.9,Trafford,2144,1.0,446.0
15086,422,0,125,7,0,52.5,Warrendale,132,1.0,1326.0
15087,73,0,0,16,10,59.7,Webster,26,1.0,1637.5
15088,507,44,24,2,7,30.1,West Elizabeth,77,1.0,1453.5
15089,6476,263,984,442,231,51.6,West Newton,1920,1.0,485.0
15090,23970,1257,2069,694,438,40.7,Wexford,4458,1.0,221.0
15101,25594,1787,2645,1577,794,44.2,Allison Park,6803,1.0,106.0
15102,29419,1541,3779,1886,1019,47.0,Bethel Park,8225,1.0,63.0
15104,8492,415,940,461,203,40.4,Braddock,2019,1.0,466.0
15106,19438,1153,2558,1026,761,44.8,Carnegie,5498,1.0,161.0
15108,41447,1942,4870,2450,1056,42.0,Coraopolis,10318,1.0,31.0
15110,5534,683,330,185,114,29.6,Duquesne,1312,1.0,610.0
15112,3073,284,261,112,38,32.7,East Pittsburgh,695,1.0,835.5
15116,14088,659,2003,1079,410,46.6,Glenshaw,4151,1.0,241.0
15120,18424,1592,1612,1287,861,43.6,Homestead,5352,1.0,164.0
15122,19500,881,1985,1318,639,46.6,West Mifflin,4823,1.0,195.0
15126,6805,465,542,175,45,40.9,Imperial,1227,1.0,626.0
15129,10363,449,1194,577,142,43.4,South Park Township,2362,1.0,421.0
15131,7960,228,1050,710,516,52.4,McKeesport,2504,2.0,400.0
15132,20915,1109,2172,1063,958,43.7,McKeesport,5302,1.0,165.0
15133,6173,349,684,433,136,45.3,McKeesport,1602,3.0,537.0
15135,5004,150,594,248,145,47.2,McKeesport,1137,4.0,665.0
15136,22183,1506,2140,1150,504,39.5,McKees Rocks,5300,1.0,166.0
15137,10215,450,1376,521,406,45.4,North Versailles,2753,1.0,373.0
15139,6504,300,752,432,337,45.9,Oakmont,1821,1.0,500.0
15140,3180,256,287,130,91,41.3,Pitcairn,764,1.0,796.0
15142,957,0,214,82,0,54.1,Presto,296,1.0,1134.0
15143,21966,1017,2281,1698,1061,46.7,Sewickley,6057,1.0,134.0
15144,4002,205,640,191,122,48.8,Springdale,1158,1.0,654.0
15145,6982,385,998,268,193,42.7,Turtle Creek,1844,1.0,498.0
15146,27541,1256,3506,1537,1114,45.3,Monroeville,7413,1.0,80.0
15147,16693,968,1985,1251,952,47.3,Verona,5156,1.0,170.0
15148,2423,108,232,119,50,40.0,Wilmerding,509,1.0,936.5
15201,12922,485,1074,448,379,35.4,Pittsburgh,2386,30.0,417.0
15202,19261,919,1820,1065,451,37.7,Pittsburgh,4255,15.0,237.0
15203,10782,225,571,359,152,28.1,Pittsburgh,1307,36.0,611.0
15204,7905,390,628,388,172,39.4,Pittsburgh,1578,34.0,543.0
15205,21379,1511,2264,871,323,37.1,Pittsburgh,4969,11.0,185.0
15206,29197,1610,2683,1197,953,35.8,Pittsburgh,6443,7.0,124.0
15207,10522,754,1263,716,375,43.1,Pittsburgh,3108,23.0,328.0
15208,8916,429,1195,531,323,41.1,Pittsburgh,2478,29.0,402.0
15209,12087,513,1560,653,264,46.9,Pittsburgh,2990,26.0,341.0
15210,26875,1193,2173,1020,303,35.8,Pittsburgh,4689,13.0,204.0
15211,10457,448,886,680,210,34.7,Pittsburgh,2224,31.0,440.0
15212,27067,1527,2600,1077,500,38.6,Pittsburgh,5704,8.0,152.0
15213,27347,216,1113,656,767,21.7,Pittsburgh,2752,27.0,374.0
15214,14203,1019,1198,696,337,38.5,Pittsburgh,3250,22.0,311.0
15215,12637,661,1500,574,358,44.4,Pittsburgh,3093,24.0,329.0
15216,22670,1449,1798,859,671,37.7,Pittsburgh,4777,12.0,199.0
15217,27566,1519,3159,1261,818,36.3,Pittsburgh,6757,6.0,109.0
15218,13495,630,1565,646,208,39.9,Pittsburgh,3049,25.0,335.0
15219,16101,878,1004,594,207,26.9,Pittsburgh,2683,28.0,382.0
15220,17401,1035,1523,942,696,38.1,Pittsburgh,4196,16.0,240.0
15221,29451,1531,3640,2106,732,43.6,Pittsburgh,8009,4.0,67.0
15222,5468,34,396,153,11,30.8,Pittsburgh,594,37.0,885.5
15223,6493,329,734,405,130,43.6,Pittsburgh,1598,33.0,538.0
15224,11079,386,1031,377,286,33.4,Pittsburgh,2080,32.0,457.0
15225,1006,34,148,66,26,48.1,Pittsburgh,274,39.0,1152.5
15226,13925,742,1474,780,609,42.9,Pittsburgh,3605,20.0,284.5
15227,27774,1747,2657,1523,856,39.7,Pittsburgh,6783,5.0,107.0
15228,17508,670,1645,978,397,42.0,Pittsburgh,3690,18.0,274.0
15229,14378,1243,1370,842,380,39.9,Pittsburgh,3835,17.0,265.0
15232,12017,350,759,255,182,28.5,Pittsburgh,1546,35.0,551.0
15233,3466,103,246,107,8,34.7,Pittsburgh,464,38.0,972.0
15234,13711,452,1563,983,300,43.1,Pittsburgh,3298,21.0,307.0
15235,34339,1960,3848,1894,1037,41.7,Pittsburgh,8739,2.0,57.0
15236,28499,1609,3583,1968,1019,44.7,Pittsburgh,8179,3.0,64.0
15237,41264,2293,5201,2498,1464,43.5,Pittsburgh,11456,1.0,19.0
15238,12358,630,1582,1048,411,49.1,Pittsburgh,3671,19.0,278.0
15239,20523,978,2240,1324,555,44.3,Pittsburgh,5097,10.0,175.0
15241,20952,1170,1775,1087,1115,44.6,Pittsburgh,5147,9.0,171.0
15243,12991,674,1944,1049,805,50.6,Pittsburgh,4472,14.0,217.0
15301,49238,2445,5661,3846,1466,45.5,Washington,13418,1.0,8.0
15310,242,27,35,10,5,50.8,Aleppo,77,1.0,1453.5
15311,1369,100,152,72,16,41.7,Amity,340,1.0,1092.0
15312,4009,281,399,179,40,41.0,Avella,899,1.0,735.5
15313,355,21,78,23,8,47.5,Beallsville,130,1.0,1329.5
15314,3478,288,330,165,98,43.9,Bentleyville,881,1.0,744.5
15315,648,132,35,28,0,32.8,Bobtown,195,1.0,1234.5
15317,39823,2461,4043,2255,942,41.1,Canonsburg,9701,1.0,39.0
15320,5157,230,521,413,149,46.5,Carmichaels,1313,1.0,609.0
15321,1497,137,149,56,0,35.1,Cecil,342,1.0,1088.0
15322,1655,51,166,103,53,45.6,Clarksville,373,1.0,1058.5
15323,4265,265,509,143,89,44.4,Claysville,1006,1.0,704.0
15324,671,47,139,40,14,45.9,Cokeburg,240,1.0,1189.0
15325,341,30,49,14,0,56.6,Crucible,93,1.0,1402.0
15327,1521,80,265,101,7,46.5,Dilliner,453,1.0,982.0
15329,1547,88,170,75,11,47.0,Prosperity,344,1.0,1084.5
15330,5039,81,904,535,84,55.1,Eighty Four,1604,1.0,536.0
15331,753,18,85,75,3,44.6,Ellsworth,181,1.0,1254.5
15332,8616,378,1112,604,245,47.4,Finleyville,2339,1.0,427.0
15333,1926,102,174,56,38,40.3,Fredericktown,370,1.0,1061.5
15334,251,12,13,0,0,21.0,Garards Fort,25,1.0,1641.5
15337,447,15,63,17,7,44.3,Graysville,102,1.0,1376.5
15338,1789,170,225,37,10,37.3,Greensboro,442,1.0,996.0
15340,1172,15,338,86,46,61.5,Hickory,485,1.0,957.5
15341,772,43,98,37,2,41.6,Holbrook,180,1.0,1257.0
15342,4892,261,777,285,85,50.2,Houston,1408,1.0,583.5
15344,1628,125,180,109,47,43.8,Jefferson,461,1.0,974.0
15345,1370,88,153,96,16,42.8,Marianna,353,1.0,1078.0
15346,495,0,58,10,23,52.1,Mather,91,1.0,1409.5
15347,345,30,73,0,0,56.4,Meadow Lands,103,1.0,1373.5
15348,186,30,13,0,0,29.7,Millsboro,43,1.0,1569.5
15349,1497,112,163,78,52,46.6,Mount Morris,405,1.0,1031.5
15350,490,40,52,9,16,40.0,Muse,117,1.0,1353.0
15351,943,29,53,0,0,32.8,Nemacolin,82,1.0,1438.0
15352,939,55,87,34,31,33.9,New Freeport,207,1.0,1219.0
15353,134,0,29,11,0,45.8,Nineveh,40,1.0,1584.0
15357,1513,57,274,97,57,48.0,Rices Landing,485,1.0,957.5
15358,1058,67,150,0,21,31.8,Richeyville,238,1.0,1190.0
15359,203,18,15,2,6,39.4,Rogersville,41,1.0,1579.5
15360,1785,97,243,66,33,43.5,Scenery Hill,439,1.0,998.0
15362,733,40,115,37,19,50.1,Spraggs,211,1.0,1213.0
15363,418,0,62,0,13,45.2,Strabane,75,1.0,1462.5
15364,784,48,79,46,9,46.7,Sycamore,182,1.0,1252.0
15366,478,0,399,0,0,66.5,Van Voorhis,399,1.0,1037.0
15367,9559,477,780,201,36,40.8,Venetia,1494,1.0,565.0
15368,357,13,39,14,18,50.2,Vestaburg,84,1.0,1428.0
15370,13994,554,1622,674,358,42.0,Waynesburg,3208,1.0,316.0
15376,1547,43,251,79,41,46.8,West Alexander,414,1.0,1024.0
15377,689,43,52,15,3,46.8,West Finley,113,1.0,1362.0
15379,108,1,4,16,5,41.4,West Middletown,26,1.0,1637.5
15380,655,66,50,30,8,29.8,Wind Ridge,154,1.0,1288.0
15401,30401,1637,3912,1941,1144,45.6,Uniontown,8634,1.0,61.0
15410,1422,170,124,56,15,32.8,Adah,365,1.0,1068.0
15411,629,22,90,55,1,45.3,Addison,168,1.0,1276.0
15412,426,19,50,53,7,51.4,Allenport,129,1.0,1331.0
15413,347,17,0,43,16,44.4,Allison,76,1.0,1457.5
15417,8398,378,1090,300,162,46.3,Brownsville,1930,1.0,483.0
15419,4333,99,238,202,333,23.5,California,872,1.0,746.0
15420,250,0,14,0,0,23.4,Cardale,14,1.0,1665.5
15422,140,0,22,0,0,55.1,New Salem,22,2.0,1650.5
15423,2487,40,249,84,32,36.5,Coal Center,405,1.0,1031.5
15424,2006,70,282,185,72,48.6,Confluence,609,1.0,874.0
15425,18905,1011,2126,1068,662,44.7,Connellsville,4867,1.0,193.0
15427,971,59,136,43,29,45.4,Daisytown,267,1.0,1160.5
15428,1880,77,230,74,54,45.7,Dawson,435,1.0,1000.0
15430,339,8,73,0,10,47.7,Dickerson Run,91,1.0,1409.5
15431,4167,306,334,290,169,48.1,Dunbar,1099,1.0,680.0
15432,453,12,61,28,27,45.8,Dunlevy,128,1.0,1332.0
15433,641,0,134,143,35,62.7,East Millsboro,312,1.0,1115.0
15434,308,5,26,27,11,43.0,Elco,69,1.0,1476.5
15435,429,16,74,34,22,49.8,Fairbank,146,1.0,1301.5
15436,2602,114,302,109,69,41.3,Fairchance,594,1.0,885.5
15437,2861,196,134,141,30,30.8,Farmington,501,1.0,943.0
15438,2087,66,165,132,50,49.1,Fayette City,413,1.0,1026.0
15440,125,0,42,0,0,63.3,Gibbon Glade,42,1.0,1574.5
15442,2060,232,316,143,65,40.7,Grindstone,756,1.0,802.5
15444,676,10,76,0,0,26.7,Hiller,86,1.0,1422.5
15445,2690,108,394,146,181,46.4,Hopwood,829,1.0,767.0
15446,162,0,0,16,15,40.3,Indian Head,31,1.0,1622.0
15448,234,0,25,0,0,40.7,Jacobs Creek,25,1.0,1641.5
15449,229,0,40,26,28,52.9,Smock,94,2.0,1398.0
15450,2414,0,99,20,16,37.5,La Belle,135,1.0,1319.5
15451,1313,78,127,72,44,44.1,Lake Lynn,321,1.0,1104.0
15454,97,14,14,0,0,23.9,McClellandtown,28,2.0,1631.0
15455,381,35,92,11,0,48.3,Vanderbilt,138,2.0,1314.0
15456,2824,195,433,182,33,49.9,Lemont Furnace,843,1.0,758.5
15458,2449,168,257,183,94,50.1,McClellandtown,702,1.0,829.5
15459,1625,73,188,126,66,43.1,Markleysburg,453,1.0,982.0
15460,166,16,16,10,0,28.4,Smithfield,42,2.0,1574.5
15461,4014,283,369,213,181,38.2,Masontown,1046,1.0,693.5
15462,321,11,12,0,0,27.1,Melcroft,23,1.0,1648.0
15464,1498,48,113,42,66,47.2,Mill Run,269,1.0,1156.5
15466,521,47,52,29,7,32.5,Newell,135,1.0,1319.5
15467,123,0,58,0,0,62.8,New Geneva,58,1.0,1514.0
15468,2461,205,222,54,77,45.6,New Salem,558,1.0,910.5
15469,2491,79,330,289,185,54.3,Normalville,883,1.0,743.0
15470,633,0,118,46,13,54.4,Ohiopyle,177,1.0,1263.5
15472,142,0,43,0,0,59.4,Uniontown,43,3.0,1569.5
15473,3495,106,590,388,133,53.1,Perryopolis,1217,1.0,630.5
15474,1968,78,153,47,50,35.3,Point Marion,328,1.0,1098.0
15475,1288,89,241,62,39,43.9,Republic,431,1.0,1001.5
15477,789,15,106,36,20,41.7,Roscoe,177,1.0,1263.5
15478,5554,208,707,250,48,45.3,Smithfield,1213,1.0,633.0
15479,2151,158,295,142,27,50.8,Smithton,622,1.0,867.0
15480,1959,136,397,156,19,50.2,Smock,708,1.0,825.0
15482,241,0,48,31,8,46.7,Perryopolis,87,2.0,1419.0
15483,369,29,57,32,19,46.2,Stockdale,137,1.0,1316.5
15484,557,0,30,0,0,42.0,Uledi,30,1.0,1626.0
15486,2206,116,231,108,73,48.0,Vanderbilt,528,1.0,924.0
15489,319,13,47,36,13,44.9,Uniontown,109,2.0,1365.5
15490,407,11,13,4,15,52.9,White,43,1.0,1569.5
15501,16150,853,1951,970,547,43.5,Somerset,4321,1.0,231.0
15502,64,0,29,8,0,68.2,Hidden Valley,37,1.0,1595.0
15520,310,0,0,28,11,42.0,Acosta,39,1.0,1589.0
15521,1782,109,271,68,52,46.8,Alum Bank,500,1.0,946.5
15522,11196,407,1543,970,425,53.0,Bedford,3345,1.0,303.0
15530,5167,330,588,440,335,47.5,Berlin,1693,1.0,518.5
15531,3672,248,617,157,121,43.8,Boswell,1143,1.0,664.0
15532,144,22,13,0,2,32.7,Meyersdale,37,2.0,1595.0
15533,1292,88,129,46,19,39.0,Breezewood,282,1.0,1143.0
15534,901,32,118,57,44,47.8,Buffalo Mills,251,1.0,1184.0
15535,2018,51,281,155,20,47.4,Clearville,507,1.0,938.5
15536,338,6,32,26,12,49.5,Crystal Spring,76,1.0,1457.5
15537,8194,327,1041,781,351,48.7,Everett,2500,1.0,401.0
15538,665,31,134,50,26,55.7,Fairhope Township,241,1.0,1188.0
15539,296,25,30,0,30,35.5,Fishertown,85,1.0,1425.0
15540,289,10,103,21,4,61.9,Fort Hill,138,1.0,1314.0
15541,3255,146,253,207,91,47.5,Friedens,697,1.0,834.0
15542,1067,35,189,66,20,54.3,Garrett,310,1.0,1118.5
15544,102,0,17,16,0,61.6,Gray,33,1.0,1614.0
15545,2882,135,336,212,104,47.7,Hyndman,787,1.0,784.0
15546,523,17,19,0,110,48.1,Jenners,146,1.0,1301.5
15547,936,29,100,31,48,38.7,Jennerstown,208,1.0,1217.0
15550,1834,104,160,142,60,42.6,Manns Choice,466,1.0,971.0
15551,632,9,131,68,5,51.6,Markleton,213,1.0,1212.0
15552,5772,327,732,394,123,44.6,Meyersdale,1576,1.0,544.5
15554,2422,102,369,79,41,47.2,New Paris,591,1.0,887.0
15555,54,2,0,3,6,56.7,Quecreek,11,2.0,1671.5
15557,3358,121,410,197,114,46.3,Rockwood,842,1.0,760.0
15558,2113,107,195,82,32,38.5,Salisbury,416,1.0,1020.5
15559,1594,46,242,78,22,52.8,Schellsburg,388,1.0,1043.5
15560,129,6,19,7,4,44.2,Shanksville,36,1.0,1600.5
15561,185,14,16,0,3,32.4,Quecreek,33,1.0,1614.0
15562,321,12,119,9,2,41.8,Springs,142,1.0,1305.5
15563,2986,154,438,243,69,47.8,Indian Lake,904,1.0,733.0
15564,49,3,14,2,0,51.9,Wellersburg,19,1.0,1653.0
15601,56328,2043,7220,4007,2544,46.9,Greensburg,15814,1.0,2.0
15610,4016,170,558,105,189,52.4,Acme,1022,1.0,701.0
15611,514,22,18,25,0,42.5,Adamsburg,65,1.0,1487.0
15612,366,15,61,0,9,48.7,Alverton,85,1.0,1425.0
15613,13122,553,1702,1316,335,51.4,Apollo,3906,1.0,258.0
15615,330,0,111,13,0,62.5,Ardara,124,1.0,1339.5
15617,291,6,33,24,3,52.9,Arona,66,1.0,1483.5
15618,2511,55,358,228,59,47.3,Avonmore,700,1.0,831.0
15620,419,12,108,48,6,55.3,Bradenville,174,1.0,1270.5
15622,1159,0,158,175,49,56.1,Champion,382,1.0,1052.0
15623,817,168,47,0,48,28.1,Claridge,263,1.0,1168.5
15624,430,0,15,109,1,49.4,Crabtree,125,1.0,1337.0
15626,4854,120,790,416,121,53.2,Delmont,1447,1.0,575.0
15627,5955,202,717,511,166,47.9,Derry,1596,1.0,539.0
15628,644,35,74,48,17,39.6,Donegal,174,1.0,1270.5
15629,697,60,34,16,24,36.8,Vandergrift,134,2.0,1323.0
15631,970,73,69,25,9,34.6,Everson,176,1.0,1266.5
15632,8316,386,1015,492,234,47.8,Export,2127,1.0,449.0
15633,517,40,30,65,25,39.9,Forbes Road,160,1.0,1282.0
15634,320,11,54,10,3,58.6,Grapeville,78,1.0,1451.0
15635,110,0,0,34,0,49.3,Hannastown,34,1.0,1610.0
15636,4658,170,311,226,27,45.5,Harrison City,734,1.0,812.0
15637,1239,54,184,128,23,42.4,Herminie,389,1.0,1041.0
15638,79,0,12,0,0,52.3,Hostetter,12,1.0,1669.0
15639,2042,139,180,75,66,45.5,Hunker,460,1.0,976.0
15640,676,107,22,9,21,31.6,Herminie,159,2.0,1283.0
15641,486,43,57,34,16,40.7,Hyde Park,150,1.0,1293.0
15642,44333,2253,4917,2161,1348,45.4,Irwin,10679,1.0,28.0
15644,18550,807,2381,1182,585,46.9,Jeannette,4955,1.0,187.0
15646,288,0,10,0,0,37.5,Jones Mills,10,1.0,1674.0
15647,325,0,32,65,0,60.0,Larimer,97,1.0,1391.5
15650,26975,1037,3269,1726,1270,45.1,Latrobe,7302,1.0,83.0
15656,9717,577,1190,591,341,46.7,Leechburg,2699,1.0,380.0
15658,8936,237,1496,686,344,53.9,Ligonier,2763,1.0,371.0
15660,448,14,111,30,0,57.0,Lowber,155,1.0,1286.5
15661,836,12,94,5,13,40.5,Loyalhanna,124,1.0,1339.5
15662,759,0,33,0,0,37.5,Luxor,33,1.0,1614.0
15663,466,7,59,13,10,48.9,Madison,89,1.0,1413.5
15665,1172,86,67,27,0,34.6,Manor,180,1.0,1257.0
15666,15750,818,2214,1051,609,47.0,Mount Pleasant,4692,1.0,203.0
15668,13469,568,2292,1193,578,50.0,Murrysville,4631,1.0,206.0
15670,3215,110,460,172,79,54.3,New Alexandria,821,1.0,772.0
15671,625,54,62,19,0,39.5,New Derry,135,1.0,1319.5
15672,3343,138,652,121,69,44.7,New Stanton,980,1.0,712.0
15673,1186,23,228,84,46,53.7,North Apollo,381,1.0,1053.5
15675,1164,208,84,34,18,28.2,Penn,344,1.0,1084.5
15676,729,135,91,48,0,33.4,Pleasant Unity,274,1.0,1152.5
15677,257,0,67,6,6,55.0,Rector,79,1.0,1449.0
15678,671,0,56,8,6,45.6,Rillton,70,1.0,1475.0
15679,2298,69,552,222,24,57.3,Ruffs Dale,867,1.0,749.5
15680,166,5,41,4,10,37.9,Avonmore,60,2.0,1507.0
15681,4773,260,558,334,116,44.8,Saltsburg,1268,1.0,617.0
15683,7680,211,936,723,256,48.3,Scottdale,2126,1.0,450.0
15684,695,17,92,89,0,53.9,Slickville,198,1.0,1227.0
15686,891,38,144,66,75,54.1,Spring Church,323,1.0,1101.0
15687,1042,44,171,146,12,54.4,Stahlstown,373,1.0,1058.5
15688,1052,38,205,25,9,47.1,Tarrs,277,1.0,1148.5
15689,202,20,13,9,0,34.4,Mount Pleasant,42,2.0,1574.5
15690,8977,503,1092,537,298,44.5,Vandergrift,2430,1.0,409.0
15692,852,121,43,43,27,29.6,Westmoreland City,234,1.0,1192.0
15696,263,3,24,19,4,49.5,Youngstown,50,1.0,1547.5
15697,2867,94,298,205,30,46.4,Youngwood,627,1.0,863.0
15698,567,29,84,41,151,64.1,Yukon,305,1.0,1125.0
15701,33460,1214,3179,1435,1293,32.5,Indiana,7121,1.0,91.0
15710,124,2,14,10,6,58.4,Alverda,32,1.0,1618.5
15711,417,30,43,33,2,38.4,Anita,108,1.0,1368.0
15712,215,9,36,5,0,41.8,Cherry Tree,50,3.0,1547.5
15714,4509,262,452,270,142,41.4,Northern Cambria,1126,1.0,669.0
15715,406,11,37,44,11,46.9,Big Run,103,1.0,1373.5
15716,876,29,49,111,15,48.5,Black Lick,204,1.0,1222.0
15717,10003,447,1393,783,315,49.2,Blairsville,2938,1.0,353.0
15721,175,5,26,18,3,52.8,Burnside,52,1.0,1535.5
15722,1984,114,249,104,33,47.0,Carrolltown,500,1.0,946.5
15724,2059,47,345,136,49,51.3,Cherry Tree,577,1.0,896.0
15725,1452,88,149,69,36,45.4,Clarksburg,342,1.0,1088.0
15727,171,25,3,5,12,29.8,Clarksburg,45,2.0,1563.5
15728,3447,155,435,128,39,37.5,Clymer,757,1.0,801.0
15729,1204,31,74,51,34,44.7,Commodore,190,1.0,1239.0
15730,113,8,11,0,7,45.1,Coolspring,26,1.0,1637.5
15731,334,0,102,16,12,61.2,Coral,130,1.0,1329.5
15732,1541,44,200,89,27,47.0,Creekside,360,1.0,1072.5
15733,152,5,18,14,42,54.3,Punxsutawney,79,2.0,1449.0
15734,463,37,52,11,0,34.8,Dixonville,100,1.0,1383.5
15736,835,24,77,85,22,43.4,Elderton,208,1.0,1217.0
15737,78,5,10,7,4,53.2,Elmora,26,1.0,1637.5
15738,169,7,11,34,10,51.2,Cherry Tree,62,2.0,1500.0
15739,574,37,34,20,0,34.1,Clymer,91,2.0,1409.5
15741,58,0,10,6,10,53.7,Glen Campbell,26,2.0,1637.5
15742,1034,58,129,68,24,39.1,Glen Campbell,279,1.0,1147.0
15744,145,11,7,0,0,25.1,Hamilton,18,1.0,1655.0
15745,196,4,20,22,0,49.9,Heilwood,46,1.0,1561.5
15746,83,0,28,4,3,63.3,Hillsdale,35,1.0,1605.5
15747,1803,116,189,139,19,43.3,Plumville,463,1.0,973.0
15748,7216,363,811,310,139,43.5,Homer City,1623,1.0,532.5
15750,177,8,78,0,11,67.1,Josephine,97,1.0,1391.5
15753,480,29,67,15,4,39.7,La Jose,115,1.0,1358.0
15754,593,42,52,50,53,47.4,Lucerne Mines,197,1.0,1229.5
15756,171,10,14,25,3,43.6,Shelocta,52,2.0,1535.5
15757,1466,48,191,134,45,50.6,Mahaffey,418,1.0,1016.5
15759,2848,159,371,169,63,43.6,Marion Center,762,1.0,798.0
15760,137,18,23,3,3,41.3,Marsteller,47,1.0,1558.5
15761,132,4,5,5,0,32.4,Mentcle,14,1.0,1665.5
15762,1069,54,167,36,11,42.4,Nicktown,268,1.0,1158.5
15764,143,3,32,22,8,61.2,Oliveburg,65,1.0,1487.0
15765,1541,78,234,82,33,53.2,Penn Run,427,1.0,1009.0
15767,14229,818,1816,1081,321,44.6,Punxsutawney,4036,1.0,251.0
15770,229,0,54,13,2,52.3,Ringgold,69,1.0,1476.5
15771,848,26,85,89,16,49.4,Rochester Mills,216,1.0,1208.5
15772,1748,93,194,71,60,35.0,Rossiter,418,1.0,1016.5
15773,660,47,59,47,3,32.7,Saint Benedict,156,1.0,1285.0
15774,2769,63,328,173,21,47.4,Shelocta,585,1.0,889.0
15775,817,9,121,15,30,47.1,Northern Cambria,175,2.0,1268.5
15776,56,4,10,9,0,49.5,Sprankle Mills,23,1.0,1648.0
15777,74,0,21,0,11,63.5,Starford,32,1.0,1618.5
15778,283,7,47,8,1,47.0,Timblin,63,1.0,1496.0
15779,679,16,98,45,11,53.5,Derry,170,2.0,1274.5
15780,116,0,37,3,4,60.8,Punxsutawney,44,3.0,1566.0
15781,86,0,3,13,0,53.9,Punxsutawney,16,4.0,1660.0
15783,78,6,7,1,9,43.8,West Lebanon,23,1.0,1648.0
15784,46,0,16,0,0,57.8,Worthville,16,1.0,1660.0
15801,18871,923,2015,1201,500,43.8,DuBois,4639,1.0,205.0
15821,122,2,27,7,0,54.0,Benezett,36,1.0,1600.5
15823,1123,61,141,39,9,43.1,Brockport,250,1.0,1185.0
15824,4962,298,460,431,195,45.2,Brockway,1384,1.0,591.0
15825,9229,415,1045,586,352,42.4,Brookville,2398,1.0,415.0
15827,317,0,16,0,0,38.4,Byrnedale,16,1.0,1660.0
15828,217,2,49,19,10,61.3,Clarington,80,1.0,1445.5
15829,1342,66,105,108,7,39.4,Corsica,286,1.0,1138.0
15832,231,4,56,37,0,60.1,Driftwood,97,1.0,1391.5
15834,4107,179,610,264,205,50.3,Emporium,1258,1.0,619.0
15840,1858,125,247,117,14,49.9,Falls Creek,503,1.0,941.0
15841,383,12,10,31,8,33.8,Force,61,1.0,1503.5
15845,2857,134,380,222,77,45.1,Johnsonburg,813,1.0,774.0
15846,3455,109,321,288,25,49.7,Kersey,743,1.0,811.0
15847,277,13,63,6,11,51.9,Brookville,93,2.0,1402.0
15848,954,31,136,70,25,46.4,Luthersburg,262,1.0,1172.0
15849,1283,59,105,135,49,47.3,Penfield,348,1.0,1081.0
15851,6478,512,597,321,82,39.8,Reynoldsville,1512,1.0,561.0
15853,6379,302,711,315,201,44.7,Ridgway,1529,1.0,558.0
15856,804,48,108,82,25,56.9,Rockton,263,1.0,1168.5
15857,12433,626,1579,1089,380,49.1,St. Marys,3674,1.0,277.0
15860,1075,42,161,97,19,54.2,Sigel,319,1.0,1107.5
15861,135,8,32,18,6,61.4,Sinnemahoning,64,1.0,1492.0
15863,184,7,27,13,11,53.4,Stump Creek,58,1.0,1514.0
15864,1489,75,205,62,46,46.7,Summerville,388,1.0,1043.5
15865,1272,77,147,88,48,43.7,Sykesville,360,1.0,1072.5
15866,259,19,18,12,3,28.2,Troutville,52,1.0,1535.5
15868,1448,129,256,145,33,49.4,Weedville,563,1.0,906.5
15870,1151,66,210,67,13,48.1,Wilcox,356,1.0,1076.0
15901,3518,107,293,239,186,50.7,Johnstown,825,6.0,769.5
15902,10905,536,1422,732,332,47.0,Johnstown,3022,3.0,339.0
15904,16347,708,2083,1255,1023,45.4,Johnstown,5069,2.0,177.0
15905,19676,861,2575,1363,713,48.1,Johnstown,5512,1.0,160.0
15906,10364,620,1259,615,346,44.5,Johnstown,2840,4.0,364.0
15909,4703,208,607,313,220,48.2,Johnstown,1348,5.0,601.0
15920,656,24,117,91,41,58.2,Armagh,273,1.0,1154.0
15921,76,0,27,20,0,68.3,Beaverdale,47,1.0,1558.5
15922,259,4,69,0,28,43.7,Ebensburg,101,3.0,1380.0
15923,1817,102,225,108,25,43.2,Bolivar,460,1.0,976.0
15924,1068,66,119,65,18,39.3,Cairnbrook,268,1.0,1158.5
15925,167,6,10,8,3,35.2,Cassandra,27,1.0,1633.0
15926,2478,85,338,143,63,50.0,Central City,629,1.0,862.0
15927,857,32,28,26,61,44.0,Colver,147,1.0,1299.5
15928,2094,147,286,199,239,57.7,Davidsville,871,1.0,747.5
15930,201,0,16,0,0,38.9,Windber,16,2.0,1660.0
15931,9257,480,1112,686,353,45.6,Ebensburg,2631,1.0,392.0
15935,3084,135,338,227,92,50.3,Hollsopple,792,1.0,782.5
15936,1440,21,244,89,21,56.7,Hooversville,375,1.0,1056.0
15937,600,0,39,19,16,56.1,Jerome,74,1.0,1467.0
15938,2340,139,282,212,69,47.3,Lilly,702,1.0,829.5
15940,3860,92,256,100,30,32.8,Loretto,478,1.0,963.0
15942,2121,98,228,163,28,48.0,Mineral Point,517,1.0,933.0
15943,3534,166,543,225,56,46.6,Nanty Glo,990,1.0,708.5
15944,2971,246,417,157,61,46.2,New Florence,881,1.0,744.5
15946,6471,425,982,395,336,46.6,Portage,2138,1.0,447.0
15948,556,0,32,83,24,37.9,Ebensburg,139,2.0,1311.0
15949,409,4,82,75,22,61.1,Robinson,183,1.0,1250.0
15951,432,0,197,0,0,60.8,St. Michael,197,1.0,1229.5
15952,1578,167,194,110,28,34.3,Salix,499,1.0,949.5
15954,2234,76,391,185,60,52.4,Seward,712,1.0,822.5
15955,2266,65,333,184,52,49.7,Sidman,634,1.0,857.5
15956,2596,193,253,161,54,38.6,South Fork,661,1.0,848.5
15957,527,14,94,38,4,41.8,Strongstown,150,1.0,1293.0
15958,1973,143,255,131,37,40.4,Summerhill,566,1.0,903.0
15960,255,4,11,18,15,55.5,Twin Rocks,48,1.0,1555.5
15961,750,35,82,52,12,42.8,Vintondale,181,1.0,1254.5
15962,267,22,18,7,0,40.3,Wilmore,47,1.0,1558.5
15963,10103,463,1242,813,356,49.5,Windber,2874,1.0,358.5
16001,38363,1790,4276,2624,1083,46.5,Butler,9773,1.0,38.0
16002,15509,794,2170,1165,357,48.9,Butler,4486,2.0,216.0
16020,1006,77,102,79,6,43.8,Boyers,264,1.0,1165.5
16022,383,25,50,21,2,43.7,Bruin,98,1.0,1388.5
16023,4462,137,476,227,723,51.5,Cabot,1563,1.0,547.0
16024,310,6,11,16,2,39.7,Callery,35,1.0,1605.5
16025,5035,319,659,286,137,46.9,Chicora,1401,1.0,588.0
16027,276,7,43,5,1,37.5,Connoquenessing,56,1.0,1517.5
16028,1692,33,202,143,42,46.0,East Brady,420,1.0,1014.0
16029,931,19,42,36,5,39.4,East Butler,102,1.0,1376.5
16030,322,23,59,18,2,37.7,Eau Claire,102,1.0,1376.5
16033,6425,277,597,255,88,48.3,Evans City,1217,1.0,630.5
16034,1831,82,226,58,18,44.2,Fenelton,384,1.0,1051.0
16035,127,7,0,9,8,34.9,Slippery Rock,24,2.0,1644.5
16036,322,35,47,42,1,54.0,Foxburg,125,1.0,1337.0
16037,4558,253,538,286,67,45.0,Harmony,1144,1.0,662.5
16038,3656,217,461,152,77,43.4,Harrisville,907,1.0,730.5
16040,971,32,90,39,16,42.2,Hilliards,177,1.0,1263.5
16041,2236,112,296,124,32,43.9,Karns City,564,1.0,905.0
16045,1111,51,80,21,1,37.4,Lyndora,153,1.0,1289.0
16046,17044,1108,1038,417,273,39.4,Mars,2836,1.0,365.0
16048,104,0,6,1,6,62.0,Petrolia,13,2.0,1667.0
16049,2982,125,396,195,80,45.9,Parker,796,1.0,780.0
16050,1283,43,178,35,34,45.5,Petrolia,290,1.0,1137.0
16051,2896,83,396,103,23,42.7,Portersville,605,1.0,878.0
16052,2544,61,366,157,50,51.7,Prospect,634,1.0,857.5
16053,4125,301,412,370,73,48.2,Renfrew,1156,1.0,655.5
16054,344,6,72,27,4,56.3,Foxburg,109,2.0,1365.5
16055,8036,321,1210,514,422,51.6,Sarver,2467,1.0,405.0
16056,4403,203,693,236,247,49.4,Saxonburg,1379,1.0,592.0
16057,14434,370,926,465,192,24.2,Slippery Rock,1953,1.0,479.0
16059,8278,545,1089,447,268,43.8,Valencia,2349,1.0,426.0
16061,2975,135,278,168,45,46.4,West Sunbury,626,1.0,864.0
16063,7248,443,709,319,612,45.1,Zelienople,2083,1.0,456.0
16066,31231,2098,2950,992,611,40.3,Cranberry Township,6651,1.0,115.0
16101,31405,1582,3897,2168,1028,46.0,New Castle,8675,1.0,59.0
16102,5694,392,694,287,137,42.1,New Castle,1510,3.0,562.0
16105,15147,715,1858,1295,591,45.7,New Castle,4459,2.0,219.0
16110,328,6,57,23,7,56.4,Adamsville,93,1.0,1402.0
16111,1422,173,134,54,27,34.2,Atlantic,388,1.0,1043.5
16112,1529,41,112,72,58,41.9,Bessemer,283,1.0,1141.0
16113,463,8,73,19,13,48.2,Clark,113,1.0,1362.0
16114,613,16,73,10,20,49.0,Clarks Mills,119,1.0,1350.0
16115,3369,80,492,148,49,45.6,Darlington,769,1.0,791.0
16116,2854,172,531,259,79,51.7,Edinburg,1041,1.0,695.0
16117,16285,938,1862,1000,631,46.9,Ellwood City,4431,1.0,223.0
16120,2450,173,257,225,26,45.5,Enon Valley,681,1.0,841.0
16121,4632,341,423,283,293,38.9,Farrell,1340,1.0,604.0
16123,2625,105,98,121,21,48.2,Fombell,345,1.0,1083.0
16124,1689,79,228,133,38,48.4,Fredonia,478,1.0,963.0
16125,17056,900,2374,954,742,44.8,Greenville,4970,1.0,184.0
16127,15263,535,1279,847,520,36.1,Grove City,3181,1.0,318.0
16130,2089,93,248,194,46,46.3,Hadley,581,1.0,891.5
16131,871,48,93,68,14,44.6,Hartstown,223,1.0,1205.0
16132,347,40,33,0,0,28.3,Hillsville,73,1.0,1469.5
16133,1516,106,241,84,21,43.0,Jackson Center,452,1.0,985.5
16134,3927,183,570,329,124,46.8,Jamestown,1206,1.0,635.0
16136,772,48,107,42,27,45.8,Koppel,224,1.0,1203.5
16137,12769,545,1393,688,332,42.9,Mercer,2958,1.0,348.0
16140,349,76,41,3,0,23.9,Pulaski Township,120,3.0,1348.0
16141,1736,26,164,86,28,45.8,New Galilee,304,1.0,1127.0
16142,6349,413,618,333,177,29.8,New Wilmington,1541,1.0,553.0
16143,2157,24,353,146,10,52.5,Pulaski Township,533,1.0,921.5
16145,2953,163,456,174,73,45.8,Sandy Lake,866,1.0,751.0
16146,13115,835,1418,513,318,42.0,Sharon,3084,1.0,331.0
16148,15949,582,2069,1253,912,50.2,Hermitage,4816,1.0,197.0
16150,6760,314,644,570,387,48.0,Sharpsville,1915,1.0,487.0
16151,81,3,0,1,0,36.9,Sheakleyville,4,1.0,1682.0
16153,2296,154,313,121,32,45.7,Stoneboro,620,1.0,869.5
16154,2259,145,212,118,19,49.6,Transfer,494,1.0,951.0
16155,135,0,16,59,56,83.7,Pulaski Township,131,2.0,1327.5
16156,3148,180,341,182,56,41.5,Volant,759,1.0,799.0
16157,2930,77,386,270,71,51.1,Wampum,804,1.0,777.0
16159,4885,138,736,390,221,52.3,West Middlesex,1485,1.0,566.5
16160,907,14,125,85,41,52.2,West Pittsburg,265,1.0,1164.0
16161,567,34,70,64,10,49.8,Wheatland,178,1.0,1260.0
16201,16645,971,2147,905,517,46.1,Kittanning,4540,1.0,212.0
16210,849,54,134,51,14,38.2,Adrian,253,1.0,1182.5
16211,79,0,11,7,8,60.1,Home,26,2.0,1637.5
16212,267,14,23,15,7,51.7,Cadogan,59,1.0,1511.0
16213,123,4,19,10,0,50.1,Callensburg,33,1.0,1614.0
16214,10276,437,817,451,163,28.7,Clarion,1868,1.0,496.0
16217,128,0,23,15,27,65.2,Cooksburg,65,1.0,1487.0
16218,1326,54,165,71,26,39.2,Cowansville,316,1.0,1110.5
16222,2923,298,271,124,55,34.8,Dayton,748,1.0,806.5
16223,130,6,16,19,11,59.4,New Bethlehem,52,3.0,1535.5
16224,1134,77,84,95,21,41.5,Fairmount City,277,1.0,1148.5
16226,7695,148,883,601,289,48.9,Ford City,1921,1.0,484.0
16228,372,7,56,28,6,54.6,Ford Cliff,97,1.0,1391.5
16229,5203,162,568,260,108,44.2,Freeport,1098,1.0,681.0
16230,467,19,66,56,8,48.2,Hawthorn,149,1.0,1296.0
16232,4199,254,367,310,60,40.9,Knox,991,1.0,707.0
16233,1208,29,227,96,24,51.7,Leeper,376,1.0,1055.0
16235,1185,38,126,98,18,44.7,Lucinda,280,1.0,1146.0
16236,282,15,54,18,0,53.2,Ford City,87,2.0,1419.0
16238,487,22,76,22,1,45.5,Manorville,121,1.0,1345.0
16239,4458,26,338,157,76,37.2,Marienville,597,1.0,883.5
16240,1573,107,155,103,8,42.1,Mayport,373,1.0,1058.5
16242,4259,271,490,282,182,47.4,New Bethlehem,1225,1.0,627.0
16244,424,72,27,81,0,38.1,Rural Valley,180,2.0,1257.0
16245,229,19,15,26,0,37.3,New Bethlehem,60,2.0,1507.0
16246,208,6,24,17,3,38.9,Home,50,1.0,1547.5
16248,3059,149,402,222,85,48.7,Rimersburg,858,1.0,755.0
16249,1952,78,172,130,35,46.4,Rural Valley,415,1.0,1022.0
16250,502,59,13,7,0,27.4,Sagamore,79,1.0,1449.0
16253,102,6,20,0,4,41.5,Seminole,30,1.0,1626.0
16254,3572,157,436,318,66,45.0,Shippenville,977,1.0,714.0
16255,1690,141,151,138,44,43.7,Sligo,474,1.0,965.5
16256,2116,267,87,78,49,19.8,Smicksburg,481,1.0,961.0
16258,1648,108,244,92,8,44.1,Strattanville,452,1.0,985.5
16259,2070,109,195,156,45,46.4,Templeton,505,1.0,940.0
16260,293,0,38,42,16,53.6,Vowinckel,96,1.0,1394.0
16262,2794,85,328,221,69,48.1,Worthington,703,1.0,828.0
16263,251,6,38,0,11,53.1,Yatesboro,55,1.0,1522.0
16301,15044,665,1850,1009,349,45.0,Oil City,3873,1.0,261.0
16311,453,17,52,31,1,43.4,Carlton,101,1.0,1380.0
16313,1785,98,193,137,39,49.6,Clarendon,467,1.0,969.5
16314,5240,298,643,371,90,44.3,Cochranton,1402,1.0,586.5
16316,4821,147,613,379,103,48.6,Conneaut Lake,1242,1.0,620.5
16317,1327,55,165,85,36,48.2,Cooperstown,341,1.0,1090.5
16319,1244,38,303,72,45,57.0,Cranberry,458,1.0,978.5
16322,86,0,8,3,0,45.7,Endeavor,11,1.0,1671.5
16323,15141,682,1718,1446,455,48.6,Franklin,4301,1.0,233.0
16326,340,14,30,13,3,41.8,Fryburg,60,1.0,1507.0
16327,2813,136,289,227,41,44.1,Guys Mills,693,1.0,837.0
16328,215,52,8,6,9,22.5,Hydetown,75,1.0,1462.5
16329,483,7,38,33,5,48.6,Irvine,83,1.0,1433.0
16331,49,0,0,0,0,54.2,Kossuth,0,1.0,1686.0
16332,29,0,3,2,0,51.7,Lickingville,5,1.0,1681.0
16333,269,11,33,14,22,54.5,Ludlow,80,1.0,1445.5
16334,330,14,40,33,13,51.3,Marble,100,1.0,1383.5
16335,27120,1268,3477,1698,689,43.7,Meadville,7132,1.0,90.0
16340,1795,105,176,149,18,47.2,Pittsfield,448,1.0,991.5
16341,1617,52,225,157,24,54.3,Pleasantville,458,1.0,978.5
16342,2202,82,350,164,15,53.1,Polk,611,1.0,873.0
16343,629,0,51,65,0,41.5,Reno,116,1.0,1356.0
16344,436,50,40,16,7,35.0,Rouseville,113,1.0,1362.0
16345,3436,129,506,244,126,50.3,Russell,1005,1.0,705.0
16346,3615,321,583,176,84,46.7,Seneca,1164,1.0,653.0
16347,2007,170,183,182,66,44.7,Sheffield,601,1.0,880.5
16350,2385,218,200,139,86,38.8,Sugar Grove,643,1.0,855.0
16351,1521,75,220,106,73,51.5,Tidioute,474,1.0,965.5
16352,189,4,23,14,0,48.5,Clarendon,41,2.0,1579.5
16353,2976,122,565,312,101,56.3,Tionesta,1100,1.0,679.0
16354,10819,488,1267,619,295,42.8,Titusville,2669,1.0,385.0
16360,1387,64,166,63,12,43.8,Townville,305,1.0,1125.0
16362,863,25,210,69,12,54.3,Utica,316,1.0,1110.5
16364,1260,82,157,114,14,46.3,Venus,367,1.0,1064.5
16365,17675,797,2431,1232,536,48.6,Warren,4996,1.0,181.0
16370,271,3,101,17,0,61.6,Tionesta,121,2.0,1345.0
16371,3347,157,407,207,217,45.2,Youngsville,988,1.0,710.0
16372,546,30,53,21,2,41.3,Clintonville,106,1.0,1371.0
16373,3172,179,374,187,94,44.9,Emlenton,834,1.0,765.5
16374,1776,91,316,100,26,53.0,Kennerdell,533,1.0,921.5
16401,6431,240,587,207,110,43.7,Albion,1144,1.0,662.5
16402,836,30,110,39,8,45.6,Bear Lake,187,1.0,1246.5
16403,7278,433,622,292,90,39.6,Cambridge Springs,1437,1.0,577.5
16404,3286,202,545,198,45,44.6,Centerville,990,1.0,708.5
16405,771,31,129,35,19,45.6,Columbus,214,1.0,1211.0
16406,3294,294,396,268,88,42.0,Conneautville,1046,1.0,693.5
16407,10816,488,1295,879,304,44.5,Corry,2966,1.0,346.0
16410,2087,78,212,90,23,47.4,Cranesville,403,1.0,1033.5
16411,1390,56,222,31,0,45.6,East Springfield,309,1.0,1120.5
16412,10041,465,845,301,335,37.2,Edinboro,1946,1.0,480.0
16415,9492,752,870,732,295,41.0,Fairview,2649,1.0,389.0
16416,158,4,25,30,3,49.0,Garland,62,1.0,1500.0
16417,8141,431,914,378,177,44.0,Girard,1900,1.0,489.0
16420,499,23,106,33,10,53.3,Grand Valley,172,1.0,1272.0
16421,2606,72,315,170,40,46.0,Harborcreek,597,1.0,883.5
16422,366,10,34,0,0,37.7,Harmonsburg,44,1.0,1566.0
16423,4018,210,354,348,49,42.1,Lake City,961,1.0,718.0
16424,4641,254,678,377,128,48.6,Linesville,1437,1.0,577.5
16426,3389,159,702,121,42,47.8,McKean,1024,1.0,700.0
16427,146,4,8,12,7,36.5,Waterford,31,2.0,1622.0
16428,12313,706,1388,537,175,39.9,North East,2806,1.0,369.0
16433,5193,376,559,221,133,43.4,Saegertown,1289,1.0,613.0
16434,3228,475,213,114,39,28.1,Spartansburg,841,1.0,761.0
16435,1806,111,247,60,32,42.7,Springboro,450,1.0,988.5
16436,859,74,134,92,5,35.9,Spring Creek,305,1.0,1125.0
16438,7588,339,933,652,124,46.7,Union City,2048,1.0,460.0
16440,850,61,157,55,9,47.5,Venango,282,1.0,1143.0
16441,10069,438,988,477,198,46.0,Waterford,2101,1.0,453.0
16442,3334,220,286,215,48,36.8,Wattsburg,769,1.0,791.0
16443,1166,90,160,26,0,36.6,West Springfield,276,1.0,1150.0
16501,1569,9,281,53,74,56.5,Erie,417,11.0,1018.5
16502,15818,974,1344,648,496,36.4,Erie,3462,7.0,294.0
16503,15855,1256,774,300,86,30.0,Erie,2416,9.0,412.0
16504,16571,817,1346,1102,494,36.2,Erie,3759,5.0,267.0
16505,15615,573,2494,816,640,49.4,Erie,4523,4.0,213.0
16506,24163,1435,2913,1451,803,45.0,Erie,6602,2.0,119.5
16507,9512,489,858,187,142,30.2,Erie,1676,10.0,525.0
16508,16021,1042,1568,716,338,36.6,Erie,3664,6.0,279.0
16509,26838,1180,2894,1945,989,42.7,Erie,7008,1.0,96.0
16510,25299,1694,2960,969,411,39.8,Erie,6034,3.0,135.0
16511,11439,971,1046,671,489,37.4,Erie,3177,8.0,320.0
16601,31825,1654,3857,1717,651,42.2,Altoona,7879,1.0,70.0
16602,28609,1691,2571,1599,834,41.8,Altoona,6695,2.0,112.0
16611,2624,115,338,122,74,44.5,Alexandria,649,1.0,854.0
16613,1277,53,186,117,9,46.4,Ashville,365,1.0,1068.0
16616,164,0,18,15,7,54.3,Beccaria,40,1.0,1584.0
16617,2637,114,310,161,45,44.4,Bellwood,630,1.0,860.5
16619,318,10,37,8,0,43.2,Blandburg,55,1.0,1522.0
16620,323,2,53,29,7,53.1,Brisbin,91,1.0,1409.5
16621,680,47,75,46,7,41.7,Broad Top City,175,1.0,1268.5
16622,132,0,25,20,0,58.0,Calvin,45,1.0,1563.5
16623,552,20,75,68,33,54.9,Cassville,196,1.0,1231.5
16624,189,21,27,0,4,39.9,Altoona,52,3.0,1535.5
16625,4044,200,468,358,56,44.4,Claysburg,1082,1.0,687.0
16627,2118,101,253,89,57,44.6,Coalport,500,1.0,946.5
16630,4778,186,568,249,197,43.2,Cresson,1200,1.0,637.5
16633,443,58,8,26,0,32.0,Defiance,92,1.0,1405.5
16634,315,10,32,47,2,46.1,Dudley,91,1.0,1409.5
16635,12438,690,1824,866,516,45.8,Duncansville,3896,1.0,260.0
16636,898,40,85,53,9,37.4,Dysart,187,1.0,1246.5
16637,2323,27,536,136,0,56.2,East Freedom,699,1.0,832.5
16638,40,2,0,4,1,46.0,Entriken,7,1.0,1677.5
16639,1592,100,169,95,47,46.0,Fallentimber,411,1.0,1028.0
16640,707,59,159,36,13,48.6,Flinton,267,1.0,1160.5
16641,2519,149,224,233,52,42.3,Gallitzin,658,1.0,850.0
16645,189,0,10,27,3,52.0,Glen Hope,40,1.0,1584.0
16646,2159,134,261,200,118,47.5,Hastings,713,1.0,821.0
16647,765,14,86,45,10,42.4,Hesston,155,1.0,1286.5
16648,14374,608,1857,1323,586,50.4,Hollidaysburg,4374,1.0,226.0
16650,1644,64,202,94,41,47.7,Hopewell,401,1.0,1036.0
16651,5818,153,466,204,63,42.3,Houtzdale,886,1.0,742.0
16652,18469,604,2009,1035,436,43.0,Huntingdon,4084,1.0,248.0
16655,1666,92,177,76,82,44.4,Imler,427,1.0,1009.0
16656,1259,74,127,95,26,46.8,Irvona,322,1.0,1103.0
16657,1397,63,134,96,53,43.3,James Creek,346,1.0,1082.0
16659,230,0,18,4,7,39.3,Loysburg,29,1.0,1629.5
16661,834,39,74,92,13,48.1,Madera,218,1.0,1207.0
16662,5967,358,667,516,329,45.1,Martinsburg,1870,1.0,495.0
16664,2156,180,149,130,24,36.1,New Enterprise,483,1.0,960.0
16665,300,7,10,12,1,34.7,Newry,30,1.0,1626.0
16666,3043,138,520,124,116,51.8,Osceola Mills,898,1.0,737.5
16667,1483,99,99,213,6,46.3,Osterburg,417,1.0,1018.5
16668,3381,234,449,128,79,43.4,Patton,890,1.0,739.5
16669,2058,103,338,128,50,46.9,Petersburg,619,1.0,871.0
16671,472,14,51,11,17,45.0,Ramey,93,1.0,1402.0
16672,242,29,30,16,0,41.0,Saxton,75,2.0,1462.5
16673,5385,254,465,334,114,40.6,Roaring Spring,1167,1.0,651.0
16674,643,55,89,43,2,39.2,Robertsdale,189,1.0,1241.0
16677,204,22,29,35,0,54.6,Sandy Ridge,86,1.0,1422.5
16678,2456,141,384,235,74,45.7,Saxton,834,1.0,765.5
16679,687,33,83,116,21,55.5,Six Mile Run,253,1.0,1182.5
16680,303,0,42,20,20,50.2,Smithmill,82,1.0,1438.0
16683,259,6,32,33,0,51.1,Spruce Creek,71,1.0,1473.5
16685,274,43,18,22,9,37.6,Todd Township,92,1.0,1405.5
16686,12879,722,1354,542,457,40.6,Tyrone,3075,1.0,332.0
16689,477,26,81,20,15,49.2,Waterfall,142,1.0,1305.5
16691,318,20,47,52,14,52.4,Wells Tannery,133,1.0,1325.0
16692,811,58,74,33,33,44.3,Westover,198,1.0,1227.0
16693,4066,255,418,172,54,39.1,Williamsburg,899,1.0,735.5
16694,191,7,24,9,0,38.3,Wood,40,1.0,1584.0
16695,1213,123,95,31,43,31.5,Woodbury,292,1.0,1136.0
16701,17072,901,1630,952,530,40.9,Bradford,4013,1.0,253.0
16720,1238,52,172,98,45,49.5,Austin,367,1.0,1064.5
16724,122,4,22,4,0,47.5,Crosby,30,1.0,1626.0
16725,179,0,6,0,0,32.1,Bradford,6,2.0,1679.5
16726,572,50,54,26,4,45.2,Cyclone,134,1.0,1323.0
16727,196,65,11,0,0,25.5,Derrick City,76,1.0,1457.5
16728,33,4,2,4,0,50.2,Kane,10,2.0,1674.0
16729,707,4,82,28,3,42.6,Duke Center,117,1.0,1353.0
16730,68,0,4,12,0,62.0,Smethport,16,3.0,1660.0
16731,2342,93,294,147,82,49.9,Eldred,616,1.0,872.0
16732,189,6,27,22,0,59.9,Gifford,55,1.0,1522.0
16733,208,0,119,11,10,65.4,Smethport,140,2.0,1308.0
16734,250,22,24,19,2,46.0,James City,67,1.0,1481.0
16735,5952,286,723,515,162,45.9,Kane,1686,1.0,522.0
16738,2476,44,105,82,32,41.7,Lewis Run,263,1.0,1168.5
16740,1036,111,106,60,8,36.6,Mount Jewett,285,1.0,1139.5
16743,3898,198,448,162,44,42.4,Port Allegany,852,1.0,756.0
16744,245,12,19,4,4,44.3,Rew,39,1.0,1589.0
16745,642,20,167,44,14,50.9,Rixford,245,1.0,1187.0
16746,1156,56,132,137,14,48.2,Roulette,339,1.0,1093.5
16748,2824,242,360,223,78,46.3,Shinglehouse,903,1.0,734.0
16749,4039,169,436,338,207,45.7,Smethport,1150,1.0,658.0
16750,371,17,40,9,6,52.5,Turtlepoint,72,1.0,1471.5
16801,45527,1565,2666,1479,987,26.0,State College,6697,1.0,111.0
16803,24582,947,1616,778,607,28.5,State College,3948,2.0,256.0
16820,1698,207,110,64,10,29.3,Aaronsburg,391,1.0,1040.0
16821,301,0,33,0,0,56.2,Allport,33,1.0,1614.0
16822,1850,112,241,98,36,46.4,Beech Creek,487,1.0,955.5
16823,30978,1198,3461,1390,812,43.3,Bellefonte,6861,1.0,103.0
16825,246,0,32,18,0,26.5,Bigler,50,1.0,1547.5
16826,376,5,85,29,4,46.3,Howard,123,2.0,1341.5
16827,4686,177,446,442,36,42.5,Boalsburg,1101,1.0,677.5
16828,4603,252,916,294,97,49.8,Centre Hall,1559,1.0,549.0
16829,765,74,97,53,5,42.7,Clarence,229,1.0,1200.0
16830,13551,804,1522,1068,513,43.6,Clearfield,3907,1.0,257.0
16832,503,14,46,20,7,35.0,Coburn,87,1.0,1419.0
16833,5265,324,731,324,105,45.0,Curwensville,1484,1.0,568.0
16834,616,40,69,25,5,45.7,Grassflat,139,1.0,1311.0
16835,295,17,18,17,2,45.8,Unionville,54,1.0,1527.0
16836,1034,5,135,114,9,52.1,Frenchville,263,1.0,1168.5
16837,203,26,11,0,0,25.9,Glen Richey,37,1.0,1595.0
16838,1825,45,250,106,36,48.1,Grampian,437,1.0,999.0
16839,601,22,39,20,0,35.5,Grassflat,81,2.0,1441.5
16840,494,8,43,13,12,33.7,Hawk Run,76,1.0,1457.5
16841,6366,308,648,374,80,44.0,Howard,1410,1.0,582.0
16843,408,0,47,26,26,55.6,Hyde,99,1.0,1386.5
16844,2623,123,297,113,30,47.3,Julian,563,1.0,906.5
16845,984,37,146,50,23,44.4,Karthaus,256,1.0,1179.0
16847,317,3,28,0,4,50.8,Kylertown,35,1.0,1605.5
16848,352,7,18,23,5,48.7,"Lamar, Pennsylvania",53,1.0,1530.5
16849,166,16,51,12,8,59.4,Lanse,87,1.0,1419.0
16851,657,28,35,20,0,51.8,State College,83,3.0,1433.0
16852,193,6,29,20,0,52.9,Madisonburg,55,1.0,1522.0
16853,210,14,8,7,0,37.4,Milesburg,29,1.0,1629.5
16854,597,24,34,35,9,44.7,Millheim,102,1.0,1376.5
16858,3538,170,577,306,70,51.9,Morrisdale,1123,1.0,670.0
16859,465,10,32,22,8,48.5,Moshannon,72,1.0,1471.5
16860,308,0,0,21,0,52.5,Munson,21,1.0,1652.0
16861,335,26,18,47,35,51.3,New Millport,126,1.0,1334.5
16863,443,19,65,30,23,50.9,Olanta,137,1.0,1316.5
16865,1763,38,156,150,108,49.1,Pennsylvania Furnace,452,1.0,985.5
16866,10362,336,1298,730,280,46.6,Philipsburg,2644,1.0,391.0
16868,725,0,112,50,0,39.5,Pine Grove Mills,162,1.0,1280.5
16870,7576,525,568,224,43,41.4,Port Matilda,1360,1.0,596.5
16871,64,0,9,6,0,31.6,Pottersdale,15,1.0,1664.0
16872,1556,108,133,49,9,26.1,Rebersburg,299,1.0,1132.0
16874,1411,114,154,96,22,46.0,Snow Shoe,386,1.0,1048.0
16875,4042,144,439,274,66,46.3,Spring Mills,923,1.0,726.0
16876,268,32,12,19,0,34.1,Wallaceton,63,1.0,1496.0
16877,2244,136,243,190,12,44.1,Warriors Mark,581,1.0,891.5
16878,1658,82,133,112,38,42.5,West Decatur,365,1.0,1068.0
16879,460,17,75,29,0,53.5,Winburne,121,1.0,1345.0
16881,2446,117,99,266,37,46.4,Woodland,519,1.0,929.5
16882,407,39,36,6,0,40.6,Woodward,81,1.0,1441.5
16901,10136,447,1519,761,451,49.5,Wellsboro,3178,1.0,319.0
16911,512,22,124,8,44,51.8,Blossburg,198,2.0,1227.0
16912,2544,184,112,74,49,31.8,Blossburg,419,1.0,1015.0
16914,2461,138,222,147,53,43.2,Columbia Cross Roads,560,1.0,909.0
16915,6099,252,823,361,261,46.4,Coudersport,1697,1.0,515.0
16917,1072,28,135,79,30,51.5,Covington Township,272,1.0,1155.0
16920,1899,127,251,204,24,47.0,Elkland,606,1.0,876.0
16921,511,25,91,20,14,55.1,Gaines Township,150,1.0,1293.0
16922,1800,92,256,178,54,51.3,Galeton,580,1.0,893.5
16923,1481,81,236,87,24,50.7,Genesee Township,428,1.0,1005.5
16925,3407,293,482,185,36,43.3,Gillett,996,1.0,706.0
16926,919,78,76,51,27,41.5,Granville Summit,232,1.0,1194.0
16927,545,29,97,36,3,43.0,Harrison Valley,165,1.0,1278.5
16928,1447,61,121,114,45,44.6,Knoxville,341,1.0,1090.5
16929,2503,111,258,167,50,43.1,Lawrenceville,586,1.0,888.0
16930,1190,55,151,104,18,44.5,Liberty,328,1.0,1098.0
16932,810,82,67,78,0,32.4,Mainesburg,227,1.0,1201.0
16933,6374,380,800,417,156,41.3,Mansfield,1753,1.0,505.0
16935,1126,82,138,95,8,45.1,Middlebury Center,323,1.0,1101.0
16936,2070,84,303,132,47,49.4,Millerton,566,1.0,903.0
16937,146,3,24,13,0,53.7,Mills,40,1.0,1584.0
16938,749,22,79,65,12,54.6,Morris,178,1.0,1260.0
16939,310,12,25,7,4,36.2,Morris Run,48,1.0,1555.5
16940,213,8,20,6,0,52.2,Nelson Township,34,1.0,1610.0
16941,88,0,12,3,3,46.0,Genesee Township,18,2.0,1655.0
16942,842,92,54,72,15,38.8,Osceola Township,233,1.0,1193.0
16943,399,28,98,58,11,56.3,Sabinsville,195,1.0,1234.5
16946,2354,92,271,144,51,46.8,Tioga,558,1.0,910.5
16947,4531,187,647,362,206,46.9,Troy,1402,1.0,586.5
16948,1612,63,163,115,22,39.2,Ulysses,363,1.0,1070.0
16950,3283,121,381,254,115,47.1,Westfield,871,1.0,747.5
17002,699,53,52,31,12,27.5,Allensville,148,1.0,1298.0
17003,12565,513,1570,596,474,38.8,Annville,3153,1.0,323.0
17004,5016,605,506,264,243,35.2,Belleville,1618,1.0,534.0
17005,295,27,36,32,5,50.3,Berrysburg,100,1.0,1383.5
17006,1028,117,90,30,17,31.0,Blain,254,1.0,1181.0
17007,5888,327,900,423,53,43.9,Boiling Springs,1703,1.0,514.0
17009,1892,113,240,149,14,41.6,Burnham,516,1.0,934.0
17011,37718,1809,3427,2033,1388,40.3,Camp Hill,8657,1.0,60.0
17013,36627,2254,4291,1763,1132,39.5,Carlisle,9440,1.0,42.0
17015,21898,1131,2372,1209,393,45.6,Carlisle,5105,2.0,174.0
17016,1352,138,55,196,327,51.7,Lebanon,716,3.0,817.5
17017,1500,61,186,144,62,48.8,Dalmatia,453,1.0,982.0
17018,4299,288,536,233,164,43.1,Dauphin,1221,1.0,629.0
17019,19159,886,1993,1026,405,44.2,Dillsburg,4310,1.0,232.0
17020,9122,520,1011,608,185,44.7,Duncannon,2324,1.0,429.0
17021,866,53,134,37,78,54.1,East Waterford,302,1.0,1129.5
17022,31045,1296,2446,2174,1689,41.6,Elizabethtown,7605,1.0,78.0
17023,3405,172,336,187,68,43.3,Elizabethville,763,1.0,797.0
17024,1951,95,283,107,16,42.3,Elliottsburg,501,1.0,943.0
17025,16511,562,1663,718,194,42.2,Enola,3137,1.0,324.5
17026,3981,324,277,239,8,41.2,Fredericksburg,848,1.0,757.0
17027,1908,22,13,0,0,20.4,Mechanicsburg,35,4.0,1605.5
17028,3982,136,296,184,96,41.9,Grantville,712,1.0,822.5
17030,859,67,60,34,17,38.6,Gratz,178,1.0,1260.0
17032,7930,523,775,629,163,45.8,Halifax,2090,1.0,455.0
17033,17969,643,2051,909,473,46.2,Hershey,4076,1.0,249.0
17034,2512,197,152,97,21,34.6,Highspire,467,1.0,969.5
17035,940,50,176,75,36,54.1,Honey Grove,337,1.0,1095.0
17036,22165,1186,2436,943,220,41.5,Hummelstown,4785,1.0,198.0
17037,862,86,44,72,3,32.7,Ickesburg,205,1.0,1221.0
17038,8553,445,839,458,136,40.3,Jonestown,1878,1.0,493.0
17040,2328,136,239,150,31,45.6,Landisburg,556,1.0,912.0
17041,290,0,24,0,0,43.6,Palmyra,24,2.0,1644.5
17042,36949,2217,4289,2291,1050,44.2,Lebanon,9847,1.0,35.0
17043,5503,490,449,130,78,37.8,Lemoyne,1147,1.0,659.0
17044,21013,1133,2439,1283,768,44.0,Lewistown,5623,1.0,153.0
17045,3687,181,362,213,134,43.2,Liverpool,890,1.0,739.5
17046,31587,1863,3207,1748,415,38.6,Lebanon,7233,2.0,87.0
17047,2815,326,241,116,46,32.9,Loysville,729,1.0,813.0
17048,4530,459,370,183,90,35.7,Lykens,1102,1.0,676.0
17049,3358,199,276,161,69,38.0,McAlisterville,705,1.0,826.5
17050,38993,2795,4115,1849,1081,41.4,Mechanicsburg,9840,1.0,36.0
17051,4729,207,593,502,151,51.3,McVeytown,1453,1.0,573.0
17052,1573,72,121,81,65,42.9,Mapleton,339,1.0,1093.5
17053,5135,127,611,208,79,43.7,Marysville,1025,1.0,699.0
17055,37130,1568,3845,2703,1576,42.1,Mechanicsburg,9692,2.0,40.5
17056,120,0,0,0,0,29.5,Mifflintown,0,2.0,1686.0
17057,23157,1783,2311,1088,819,41.0,Middletown,6001,1.0,137.0
17058,1622,84,145,96,45,38.4,Mifflin,370,1.0,1061.5
17059,7889,448,1043,563,178,46.9,Mifflintown,2232,1.0,438.0
17060,947,57,124,36,20,40.4,Mill Creek,237,1.0,1191.0
17061,7190,411,706,611,274,43.0,Millersburg,2002,1.0,472.0
17062,4289,211,459,217,63,43.2,Millerstown,950,1.0,721.0
17063,3221,231,325,158,38,42.1,Milroy,752,1.0,804.0
17064,528,0,223,22,17,64.9,Mount Gretna,262,1.0,1172.0
17065,3559,167,391,163,71,45.4,Mount Holly Springs,792,1.0,782.5
17066,5284,340,521,317,149,38.2,Mount Union,1327,1.0,606.0
17067,15111,956,1637,1138,648,42.6,Myerstown,4379,1.0,225.0
17068,4391,208,523,204,129,45.6,New Bloomfield,1064,1.0,691.0
17069,140,17,18,14,2,34.4,New Buffalo,51,1.0,1540.5
17070,16609,646,1972,569,247,44.2,New Cumberland,3434,1.0,298.0
17071,110,3,16,4,1,53.5,New Germantown,24,1.0,1644.5
17072,243,31,68,68,0,72.2,Mechanicsburg,167,3.0,1277.0
17073,6000,396,462,207,71,35.8,Newmanstown,1136,1.0,666.0
17074,7220,353,664,365,120,43.0,Newport,1502,1.0,563.0
17075,167,23,20,6,1,31.2,Mount Union,50,2.0,1547.5
17078,22071,1363,2013,1218,779,40.4,Palmyra,5373,1.0,163.0
17080,297,30,30,26,3,40.4,Pillow,89,1.0,1413.5
17081,278,0,72,94,28,73.1,Carlisle,194,3.0,1237.0
17082,3233,191,343,210,55,40.7,Port Royal,799,1.0,779.0
17083,126,0,0,0,0,37.1,Lebanon,0,4.0,1686.0
17084,4580,324,494,335,47,39.4,Reedsville,1200,1.0,637.5
17086,2115,142,175,158,78,44.4,Richfield,553,1.0,913.0
17087,2884,172,410,116,22,42.5,Richland,720,1.0,816.0
17088,745,41,195,30,0,46.7,Schaefferstown,266,1.0,1162.5
17090,5636,354,966,239,20,46.9,Shermans Dale,1579,1.0,541.5
17093,1611,85,66,0,0,23.2,Summerdale,151,1.0,1290.5
17094,2569,159,307,227,65,38.3,Thompsontown,758,1.0,800.0
17097,598,53,96,42,5,51.1,Wiconisco Township,196,1.0,1231.5
17098,2307,82,205,145,40,43.5,Williamstown,472,1.0,967.0
17099,1133,28,396,152,0,62.4,Yeagertown,576,1.0,897.5
17101,2199,19,209,46,113,34.0,Harrisburg,387,9.0,1046.5
17102,7531,262,651,326,153,37.8,Harrisburg,1392,8.0,590.0
17103,12495,1069,731,262,118,28.4,Harrisburg,2180,6.0,443.0
17104,19765,2665,1228,940,65,29.5,Harrisburg,4898,5.0,191.0
17109,24726,1796,2114,1211,624,36.2,Harrisburg,5745,4.0,151.0
17110,25122,1247,2316,1433,803,41.4,Harrisburg,5799,3.0,149.0
17111,33261,1712,3166,1449,908,39.8,Harrisburg,7235,2.0,86.0
17112,36080,1582,5448,1665,639,45.4,Harrisburg,9334,1.0,44.0
17113,10309,666,941,321,118,34.3,Harrisburg,2046,7.0,462.0
17201,26362,1317,2471,1787,1314,40.9,Chambersburg,6889,2.0,100.0
17202,30942,2054,3178,1582,903,42.2,Chambersburg,7717,1.0,74.0
17210,119,13,0,19,0,41.7,Amberson,32,1.0,1618.5
17211,387,24,37,31,3,49.3,Artemas,95,1.0,1395.5
17212,673,33,82,43,7,41.8,Big Cove Tannery,165,1.0,1278.5
17213,597,21,102,85,2,53.2,Blairs Mills,210,1.0,1214.0
17214,828,15,187,88,20,56.1,Blue Ridge Summit,310,1.0,1118.5
17215,253,0,28,11,0,45.0,Burnt Cabins,39,1.0,1589.0
17217,155,6,23,15,0,45.7,Concord,44,1.0,1566.0
17219,506,5,103,123,0,60.5,Doylesburg,231,1.0,1196.0
17220,502,44,75,58,0,44.9,Dry Run,177,1.0,1263.5
17221,582,22,53,45,24,48.6,Fannettsburg,144,1.0,1303.0
17222,10717,684,1533,1008,498,49.4,Fayetteville,3723,1.0,269.5
17223,288,10,9,19,4,39.7,Fort Littleton,42,1.0,1574.5
17224,2077,27,201,139,59,40.5,Fort Loudon,426,1.0,1012.0
17225,20576,1430,1888,1093,438,40.9,Greencastle,4849,1.0,194.0
17228,1062,79,145,59,26,40.8,Harrisonville,309,1.0,1120.5
17229,1268,34,113,128,32,42.9,Hustontown,307,1.0,1122.5
17233,5214,238,613,365,139,46.9,McConnellsburg,1355,1.0,600.0
17235,886,123,68,24,0,38.1,Chambersburg,215,3.0,1210.0
17236,8084,501,915,471,137,45.3,Mercersburg,2024,1.0,465.0
17237,2006,52,179,95,33,33.5,Mont Alto,359,1.0,1074.0
17238,1701,117,157,140,34,45.6,Needmore,448,1.0,991.5
17239,156,9,10,14,3,39.7,Neelyton,36,1.0,1600.5
17240,3981,424,443,98,50,35.1,Newburg,1015,1.0,702.0
17241,11877,634,1225,668,229,43.8,Newville,2756,1.0,372.0
17243,1364,84,178,119,75,52.4,Orbisonia,456,1.0,980.0
17244,2113,119,241,135,28,46.2,Orrstown,523,1.0,927.0
17246,402,12,7,30,0,48.3,Pleasant Hall,49,1.0,1553.5
17247,433,0,102,122,192,81.5,Waynesboro,416,2.0,1020.5
17249,348,14,33,17,19,50.2,Rockhill Furnace,83,1.0,1433.0
17251,80,0,7,0,0,45.1,Orrstown,7,2.0,1677.5
17252,3681,265,343,169,47,37.3,St. Thomas,824,1.0,771.0
17253,343,11,19,9,12,44.5,Three Springs,51,2.0,1540.5
17255,1181,79,187,86,15,47.9,Shade Gap,367,1.0,1064.5
17257,29164,1239,3201,1339,823,34.8,Shippensburg,6602,1.0,119.5
17260,979,26,290,98,33,59.1,Shirleysburg,447,1.0,993.0
17262,1494,114,134,29,18,31.2,Spring Run,295,1.0,1135.0
17263,799,123,82,123,0,48.1,State Line,328,1.0,1098.0
17264,2304,162,280,194,46,43.0,Three Springs,682,1.0,840.0
17265,821,41,116,28,0,35.9,Upperstrasburg,185,1.0,1249.0
17266,506,21,43,31,6,38.5,Walnut Bottom,101,1.0,1380.0
17267,2854,139,402,153,71,45.0,Warfordsburg,765,1.0,794.5
17268,29153,1727,2966,1282,711,39.3,Waynesboro,6686,1.0,113.0
17271,292,21,35,17,0,35.5,Willow Hill,73,1.0,1469.5
17272,342,0,32,99,0,58.3,Waynesboro,131,3.0,1327.5
17301,4462,239,455,238,34,41.0,Abbottstown,966,1.0,716.5
17302,2566,89,260,163,93,50.5,Airville,605,1.0,878.0
17304,2795,99,327,117,35,45.4,Aspers,578,1.0,895.0
17306,337,16,30,7,2,33.3,Bendersville,55,1.0,1522.0
17307,6259,353,783,318,169,41.6,Biglerville,1623,1.0,532.5
17309,2251,229,218,173,89,42.9,Brogue,709,1.0,824.0
17311,211,6,25,20,16,58.0,Spring Grove,67,2.0,1481.0
17313,11269,721,1068,447,291,39.0,Dallastown,2527,1.0,397.0
17314,6085,332,691,346,36,43.0,Delta,1405,1.0,585.0
17315,26160,1388,3612,1437,672,46.1,Dover,7109,1.0,92.0
17316,8391,332,1262,527,85,45.5,East Berlin,2206,1.0,441.0
17317,565,40,52,18,7,35.0,Wrightsville,117,2.0,1353.0
17318,376,63,54,0,0,36.6,Emigsville,117,1.0,1353.0
17319,11440,710,937,474,165,41.8,Etters,2286,1.0,431.0
17320,7956,537,791,438,210,45.1,Fairfield,1976,1.0,476.0
17321,2304,141,242,103,57,48.8,Fawn Grove,543,1.0,917.0
17322,6191,323,456,237,60,43.3,Felton,1076,1.0,689.0
17324,4061,249,588,292,99,45.5,Gardners,1228,1.0,625.0
17325,28563,1247,3518,1910,943,43.8,Gettysburg,7618,1.0,77.0
17327,8318,415,912,362,117,40.0,Glen Rock,1806,1.0,502.0
17329,2554,71,356,142,11,48.4,Glenville,580,1.0,893.5
17331,52219,3251,5733,3177,1481,42.4,Hanover,13642,1.0,7.0
17339,6766,314,844,444,83,48.0,Lewisberry,1685,1.0,523.0
17340,11024,480,1106,697,255,42.5,Littlestown,2538,1.0,395.0
17344,3515,145,319,142,118,36.8,McSherrystown,724,1.0,814.0
17345,7737,536,861,326,154,45.0,Manchester,1877,1.0,494.0
17347,6577,368,581,308,139,42.1,Mount Wolf,1396,1.0,589.0
17349,7261,411,906,423,217,46.8,New Freedom,1957,1.0,478.0
17350,12830,675,1394,1095,389,44.4,New Oxford,3553,1.0,290.0
17352,1628,95,167,61,0,45.7,New Park,323,1.0,1101.0
17353,3413,181,399,106,29,47.5,Orrtanna,715,1.0,819.5
17355,321,14,13,9,5,40.4,Railroad,41,1.0,1579.5
17356,21784,1124,2107,1106,396,40.5,Red Lion,4733,1.0,201.0
17360,7072,418,587,206,69,37.6,Seven Valleys,1280,1.0,614.0
17361,6544,262,833,709,429,51.2,Shrewsbury,2233,1.0,437.0
17362,13088,764,2077,684,198,46.9,Spring Grove,3723,1.0,269.5
17363,8772,400,990,480,139,47.2,Stewartstown,2009,1.0,468.0
17364,3699,172,447,88,70,41.9,Thomasville,777,1.0,788.0
17365,2206,36,306,75,67,49.1,Wellsville,484,1.0,959.0
17366,5974,337,654,151,51,37.5,Windsor,1193,1.0,641.5
17368,6198,312,777,289,73,44.9,Wrightsville,1451,1.0,574.0
17370,5423,174,586,123,57,42.9,York Haven,940,1.0,723.5
17371,235,12,28,8,2,42.7,York New Salem,50,1.0,1547.5
17372,4028,209,431,150,35,44.6,York Springs,825,1.0,769.5
17401,16973,1395,998,466,148,30.6,York,3007,6.0,340.0
17402,38026,2060,3560,2612,1037,39.9,York,9269,1.0,46.0
17403,39217,1827,3220,1612,1191,36.9,York,7850,2.0,71.0
17404,37280,2509,3013,1600,665,37.1,York,7787,3.0,73.0
17406,23326,1820,2400,1303,380,38.8,York,5903,5.0,143.5
17407,3070,218,307,87,49,41.5,Jacobus,661,1.0,848.5
17408,23402,1231,2466,1390,1000,43.6,York,6087,4.0,133.0
17501,4450,257,637,275,46,43.1,Akron,1215,1.0,632.0
17502,2673,210,254,66,11,44.0,Bainbridge,541,1.0,918.5
17505,1460,201,164,17,20,29.3,Bird-in-Hand,402,1.0,1035.0
17508,302,42,57,15,0,32.1,Brownstown,114,1.0,1360.0
17509,5246,544,348,218,83,28.7,Christiana,1193,1.0,641.5
17512,17802,1160,2375,960,700,42.8,Columbia,5195,1.0,167.5
17516,4875,109,471,222,9,48.4,Conestoga Township,811,1.0,775.0
17517,15974,917,1391,605,298,37.3,Denver,3211,1.0,315.0
17518,1618,137,124,55,26,28.7,Drumore Township,342,1.0,1088.0
17519,6859,589,765,498,82,37.9,East Earl Township,1934,1.0,482.0
17520,4688,148,551,299,121,43.8,East Petersburg,1119,1.0,671.0
17522,34400,2336,3389,1819,1134,36.7,Ephrata,8678,1.0,58.0
17527,5655,398,439,298,47,36.3,Gap,1182,1.0,645.0
17529,5100,489,305,316,35,24.8,Gordonville,1145,1.0,661.0
17532,3287,310,261,138,56,39.4,Holtwood,765,1.0,794.5
17535,2912,297,189,121,17,28.7,Kinzers,624,1.0,865.0
17536,3361,243,542,72,31,41.7,Kirkwood,888,1.0,741.0
17538,7311,476,841,568,0,47.6,Landisville,1885,1.0,490.0
17540,10773,964,735,388,102,31.5,Leola,2189,1.0,442.0
17543,44973,2672,5230,2679,1386,43.3,Lititz,11967,1.0,14.0
17545,22174,1277,2064,1745,481,43.6,Manheim,5567,1.0,156.0
17547,8068,598,880,147,28,33.5,Marietta,1653,1.0,528.0
17550,576,55,34,171,0,44.0,Maytown,260,1.0,1174.0
17551,11011,479,852,497,325,31.5,Millersville,2153,1.0,445.0
17552,20369,1482,2190,1117,323,41.4,Mount Joy,5112,1.0,173.0
17554,7214,559,755,178,218,40.1,Mountville,1710,1.0,513.0
17555,7760,864,447,317,98,30.0,Narvon,1726,1.0,510.0
17557,14860,1155,2092,1265,605,44.6,New Holland,5117,1.0,172.0
17560,5287,397,576,325,70,35.7,New Providence,1368,1.0,593.0
17562,4770,482,387,227,38,30.5,Paradise,1134,1.0,667.0
17563,4075,486,393,206,95,30.4,Peach Bottom,1180,1.0,646.0
17565,2297,165,101,123,51,48.0,Pequea,440,1.0,997.0
17566,12147,1057,947,581,588,34.4,Quarryville,3173,1.0,321.0
17569,6422,802,509,274,104,32.9,Reinholds,1689,1.0,520.5
17572,3985,577,211,195,44,28.3,Gordonville,1027,2.0,698.0
17578,7667,358,488,290,445,38.6,Stevens,1581,1.0,540.0
17579,6320,517,709,292,176,35.9,Strasburg,1694,1.0,516.5
17581,824,43,68,22,29,34.0,Terre Hill,162,1.0,1280.5
17582,2022,85,246,145,42,40.1,Washington Boro,518,1.0,931.5
17584,10669,408,1361,964,496,46.4,Willow Street,3229,1.0,312.0
17601,53023,2985,6319,3256,1797,43.2,Lancaster,14357,1.0,5.0
17602,50660,2798,4109,2568,1473,37.8,Lancaster,10948,3.0,26.0
17603,65022,3880,5556,2909,1335,34.9,Lancaster,13680,2.0,6.0
17606,428,0,118,135,175,83.3,Lititz,428,2.0,1005.5
17701,43068,2219,4167,2269,1405,36.9,Williamsport,10060,1.0,32.0
17702,10568,616,1039,933,159,43.6,Williamsport,2747,2.0,375.5
17721,1532,74,175,157,16,49.2,Avis,422,1.0,1013.0
17723,54,1,6,2,0,40.5,Cammal,9,1.0,1676.0
17724,4840,365,498,324,145,40.2,Canton,1332,1.0,605.0
17727,81,0,24,26,0,70.8,Cedar Run,50,1.0,1547.5
17728,4636,194,580,370,93,49.0,Williamsport,1237,3.0,622.0
17729,72,8,14,11,4,58.5,Cross Fork,37,1.0,1595.0
17731,181,3,48,30,2,62.0,Eagles Mere,83,1.0,1433.0
17737,6596,247,780,353,150,44.4,Hughesville,1530,1.0,556.5
17740,12306,680,1292,666,327,44.0,Jersey Shore,2965,1.0,347.0
17742,46,15,5,2,0,21.0,Lairdsville,22,1.0,1650.5
17744,2881,152,432,183,76,50.6,Linden,843,1.0,758.5
17745,18195,788,1599,1018,693,35.8,Lock Haven,4098,1.0,245.0
17747,3494,276,273,130,44,28.5,Loganton,723,1.0,815.0
17748,148,3,43,3,0,55.5,Lock Haven,49,2.0,1553.5
17749,279,5,16,6,0,37.7,Watsontown,27,2.0,1633.0
17750,245,32,49,0,0,31.5,Mill Hall,81,2.0,1441.5
17751,7267,430,855,377,222,41.6,Mill Hall,1884,1.0,491.0
17752,4503,387,481,199,29,41.1,Montgomery,1096,1.0,682.0
17754,12392,796,1627,772,448,45.6,Montoursville,3643,1.0,280.0
17756,12305,622,1326,615,263,41.8,Muncy,2826,1.0,366.0
17758,841,34,156,70,2,51.4,Muncy Valley,262,1.0,1172.0
17760,576,37,101,30,14,42.9,North Bend,182,1.0,1252.0
17762,467,15,88,27,13,53.8,Hughesville,143,2.0,1304.0
17763,217,4,26,21,0,47.7,Ralston,51,1.0,1540.5
17764,2341,121,379,195,53,52.3,Renovo,748,1.0,806.5
17765,1179,55,113,26,8,37.5,Roaring Branch,202,1.0,1223.5
17767,31,0,0,0,0,39.2,Salona,0,1.0,1686.0
17768,367,8,53,38,16,54.0,Shunk,115,1.0,1358.0
17771,3168,115,446,158,50,47.6,Trout Run,769,1.0,791.0
17772,2333,116,414,189,37,50.1,Turbotville,756,1.0,802.5
17774,1369,50,158,116,34,47.8,Unityville,358,1.0,1075.0
17776,232,9,36,37,2,56.7,Waterville,84,1.0,1428.0
17777,7163,465,847,489,165,40.5,Watsontown,1966,1.0,477.0
17778,165,36,15,25,4,34.6,Westport,80,1.0,1445.5
17801,15583,655,1890,925,427,44.3,Sunbury,3897,1.0,259.0
17810,5884,228,257,96,42,39.5,Allenwood,623,1.0,866.0
17812,1562,128,222,103,25,46.3,Beaver Springs,478,1.0,963.0
17813,2094,113,245,161,51,42.3,Beavertown,570,1.0,901.0
17814,4604,174,723,263,75,47.6,Benton,1235,1.0,623.0
17815,29705,1361,2630,1351,664,33.4,Bloomsburg,6006,1.0,136.0
17820,5405,254,749,338,160,47.0,Catawissa,1501,1.0,564.0
17821,18773,1126,2013,1204,679,42.5,Danville,5022,1.0,180.0
17823,1252,63,161,71,19,45.2,Dornsife,314,1.0,1113.0
17824,3758,86,474,226,181,53.5,Elysburg,967,1.0,715.0
17827,796,23,145,59,55,56.3,Freeburg,282,1.0,1143.0
17829,281,9,31,7,7,40.4,Hartleton,54,1.0,1527.0
17830,1988,126,233,124,41,42.9,Herndon,524,1.0,926.0
17832,687,38,67,68,9,45.9,Marion Heights,182,1.0,1252.0
17834,3222,151,480,256,95,47.9,Kulpmont,982,1.0,711.0
17835,336,7,22,0,6,38.5,Laurelton,35,1.0,1605.5
17836,221,33,14,2,2,26.5,Leck Kill,51,1.0,1540.5
17837,19665,833,1994,1176,1192,38.5,Lewisburg,5195,1.0,167.5
17840,568,78,41,55,32,31.8,Locust Gap,206,1.0,1220.0
17841,4666,267,460,401,73,44.3,McClure,1201,1.0,636.0
17842,8817,510,973,410,221,41.4,Middleburg,2114,1.0,452.0
17844,10504,677,941,532,279,35.6,Mifflinburg,2429,1.0,410.0
17845,1902,104,180,91,75,38.6,Millmont,450,1.0,988.5
17846,4052,222,458,230,191,44.3,Millville,1101,1.0,677.5
17847,11433,538,998,756,453,42.7,Milton,2745,1.0,377.0
17850,686,59,104,56,0,35.6,Montandon,219,1.0,1206.0
17851,7623,457,1092,347,229,46.9,Mount Carmel,2125,1.0,451.0
17853,3320,160,323,120,27,40.6,Mount Pleasant Mills,630,1.0,860.5
17855,906,44,78,70,9,41.7,New Berlin,201,1.0,1225.0
17856,3094,79,428,101,13,49.2,New Columbia,621,1.0,868.0
17857,7281,302,878,655,420,49.7,Northumberland,2255,1.0,435.5
17859,2890,139,507,150,119,51.4,Orangeville,915,1.0,728.0
17860,2217,128,292,100,28,43.6,Paxinos,548,1.0,915.0
17861,196,27,41,0,0,36.5,Middleburg,68,2.0,1478.5
17862,384,8,14,15,0,28.5,Middleburg,37,3.0,1595.0
17864,2222,245,223,81,27,32.5,Port Trevorton,576,1.0,897.5
17865,35,1,1,2,2,39.4,Milton,6,2.0,1679.5
17866,10190,443,929,699,207,41.5,Coal Run,2278,1.0,432.0
17867,150,7,31,6,3,47.5,Rebuck,47,1.0,1558.5
17868,1162,48,226,113,16,52.1,Riverside,403,1.0,1033.5
17870,15273,680,1425,1001,499,39.6,Selinsgrove,3605,1.0,284.5
17872,9413,665,928,460,307,40.6,Shamokin,2360,1.0,423.0
17876,1812,85,217,155,58,44.3,Shamokin Dam,515,1.0,935.0
17878,1546,65,195,122,78,48.2,Stillwater,460,1.0,976.0
17880,149,10,2,0,0,35.4,Swengel,12,1.0,1669.0
17881,1375,98,243,52,15,45.5,Trevorton,408,1.0,1029.0
17884,188,25,4,25,9,35.4,Danville,63,2.0,1496.0
17885,235,5,43,11,16,58.7,Weikert,75,1.0,1462.5
17886,1190,55,135,79,0,33.7,West Milton,269,1.0,1156.5
17887,656,32,0,0,0,28.7,White Deer,32,1.0,1618.5
17888,414,11,55,39,5,50.0,Wilburton,110,1.0,1364.0
17889,2609,137,330,166,24,43.1,Winfield,657,1.0,851.0
17901,22878,1156,2608,1123,1016,44.2,Pottsville,5903,1.0,143.5
17920,278,0,73,22,13,58.8,Ashland,108,2.0,1368.0
17921,7208,261,763,412,112,45.9,Ashland,1548,1.0,550.0
17922,5111,338,587,225,33,42.1,Auburn,1183,1.0,644.0
17923,327,5,20,21,0,45.6,Branchdale,46,1.0,1561.5
17925,294,25,48,14,0,39.4,Brockton,87,1.0,1419.0
17929,1350,69,158,70,52,40.3,Cressona,349,1.0,1080.0
17930,318,7,22,23,12,47.7,Cumbola,64,1.0,1492.0
17931,8728,168,715,350,187,40.3,Frackville,1420,1.0,579.0
17934,304,3,40,39,9,49.0,Gilberton,91,1.0,1409.5
17935,1464,54,148,40,69,42.8,Girardville,311,1.0,1116.5
17936,969,60,119,39,12,37.5,Gordon,230,1.0,1198.5
17938,2517,82,254,67,4,39.1,Hegins,407,1.0,1030.0
17941,774,44,46,71,34,41.4,Klingerstown,195,1.0,1234.5
17943,111,0,0,18,0,61.8,Ashland,18,4.0,1655.0
17944,149,2,21,1,0,35.2,Pottsville,24,3.0,1644.5
17945,135,6,3,13,8,47.2,Ashland,30,3.0,1626.0
17946,115,0,0,0,0,45.2,Girardville,0,2.0,1686.0
17948,4702,482,392,197,84,33.6,Mahanoy City,1155,1.0,657.0
17949,209,3,45,5,0,47.1,Mahanoy Plane,53,1.0,1530.5
17951,389,33,25,0,0,26.5,Pottsville,58,2.0,1514.0
17952,223,2,28,17,17,50.8,Tuscarora Township,64,2.0,1492.0
17953,371,17,44,29,5,50.3,Middleport,95,1.0,1395.5
17954,4393,326,405,290,96,45.1,Minersville,1117,1.0,672.0
17957,326,5,18,32,9,43.3,Muir,64,1.0,1492.0
17959,1395,73,175,66,5,43.3,New Philadelphia,319,1.0,1107.5
17960,4183,173,669,402,120,50.0,New Ringgold,1364,1.0,594.5
17961,6102,364,839,429,250,49.2,Orwigsburg,1882,1.0,492.0
17963,9073,249,1283,624,317,49.2,Pine Grove,2473,1.0,403.0
17964,819,62,96,42,47,44.7,Pitman,247,1.0,1186.0
17965,1890,147,254,109,56,45.9,Port Carbon,566,1.0,903.0
17967,2234,78,322,133,28,47.4,Ringtown,561,1.0,908.0
17968,210,16,26,8,3,37.5,Sacramento,53,1.0,1530.5
17970,3167,87,460,171,67,47.7,St. Clair,785,1.0,785.0
17972,10936,519,1385,1093,186,44.6,Schuylkill Haven,3183,1.0,317.0
17974,291,42,45,48,0,42.2,Seltzer,135,1.0,1319.5
17976,6787,382,577,310,347,39.3,Shenandoah,1616,1.0,535.0
17978,296,5,80,8,5,48.6,Spring Glen,98,1.0,1388.5
17979,118,0,10,0,0,61.4,Schuylkill Haven,10,2.0,1674.0
17980,2931,129,379,162,45,42.5,Tower City,715,1.0,819.5
17981,2669,82,285,170,118,45.3,Tremont,655,1.0,852.0
17982,502,8,79,82,19,55.7,Tuscarora Township,188,1.0,1243.5
17983,1343,31,114,62,59,36.7,Valley View,266,1.0,1162.5
17985,1232,37,143,80,40,49.1,Zion Grove,300,1.0,1131.0
18011,5458,397,437,197,36,37.0,Alburtis,1067,1.0,690.0
18013,18880,844,1922,1084,422,42.6,Bangor,4272,1.0,234.5
18014,11738,495,1184,829,469,43.7,Bath,2977,1.0,345.0
18015,32936,1899,2487,1226,725,31.2,Bethlehem,6337,3.0,126.0
18017,39705,2379,5383,2480,1644,44.0,Bethlehem,11886,1.0,16.0
18018,31240,1576,2645,1723,1025,39.4,Bethlehem,6969,2.0,98.0
18020,21196,1121,2150,863,817,42.7,Bethlehem,4951,4.0,188.0
18030,734,16,52,38,14,38.7,Palmerton,120,2.0,1348.0
18031,11354,695,831,359,376,38.0,Breinigsville,2261,1.0,434.0
18032,9422,604,747,454,231,39.9,Catasauqua,2036,1.0,464.0
18034,9396,398,911,313,189,41.5,Center Valley,1811,1.0,501.0
18036,14399,602,1971,734,370,47.8,Coopersburg,3677,1.0,276.0
18037,7577,297,880,358,145,45.4,Coplay,1680,1.0,524.0
18038,3562,83,397,62,233,48.3,Danielsville,775,1.0,789.0
18040,16790,691,2172,880,399,45.4,Easton,4142,3.0,242.0
18041,5429,392,824,276,27,42.8,East Greenville,1519,1.0,559.0
18042,42387,2105,3743,1536,755,36.7,Easton,8139,1.0,65.0
18045,26070,1214,3275,1925,864,47.3,Easton,7278,2.0,84.0
18049,17601,946,1881,825,437,43.5,Emmaus,4089,1.0,246.0
18051,3217,138,319,205,21,50.1,Fogelsville,683,1.0,839.0
18052,27896,1364,2907,1666,674,41.2,Whitehall Township,6611,1.0,117.0
18053,2248,79,234,107,89,46.3,Germansville,509,1.0,936.5
18054,4909,277,499,226,9,37.0,Green Lane,1011,1.0,703.0
18055,12000,525,1279,948,521,44.4,Hellertown,3273,1.0,308.0
18056,1510,18,104,49,5,27.7,Hereford Township,176,1.0,1266.5
18058,9615,465,1069,456,372,43.2,Effort,2362,1.0,421.0
18059,925,30,50,56,11,51.4,Laurys Station,147,1.0,1299.5
18062,26788,1385,3098,1524,849,44.2,Macungie,6856,1.0,104.0
18063,378,11,128,10,0,63.7,Martins Creek,149,1.0,1296.0
18064,25955,1493,2441,1570,1269,44.5,Nazareth,6773,1.0,108.0
18066,6143,467,578,180,132,43.2,New Tripoli,1357,1.0,599.0
18067,17608,580,2222,949,521,45.6,Northampton,4272,1.0,234.5
18069,8600,314,755,410,181,44.9,Orefield,1660,1.0,527.0
18070,606,38,121,28,6,48.3,Palm,193,1.0,1238.0
18071,10362,366,1146,683,176,47.2,Palmerton,2371,1.0,418.5
18072,6429,276,355,460,382,42.3,Pen Argyl,1473,1.0,570.0
18073,10920,772,1129,751,53,44.6,Pennsburg,2705,1.0,379.0
18074,5709,274,713,307,31,45.4,Perkiomenville,1325,1.0,607.0
18076,2931,125,346,194,80,44.1,Red Hill,745,1.0,810.0
18077,2279,47,340,174,47,50.5,Riegelsville,608,1.0,875.0
18078,8050,261,930,499,172,45.9,Schnecksville,1862,1.0,497.0
18080,11498,803,1289,679,91,42.1,Slatington,2862,1.0,362.0
18081,159,0,61,16,0,41.8,Hellertown,77,2.0,1453.5
18083,351,20,21,22,4,46.7,Stockertown,67,1.0,1481.0
18085,1170,32,119,38,19,40.5,Tatamy,208,1.0,1217.0
18086,725,0,110,78,0,55.5,Walnutport,188,2.0,1243.5
18087,779,11,28,23,0,35.2,Trexlertown,62,1.0,1500.0
18088,8342,276,1037,375,255,45.5,Walnutport,1943,1.0,481.0
18091,6155,274,960,372,135,48.2,Wind Gap,1741,1.0,508.0
18092,3617,118,511,270,137,47.9,Zionsville,1036,1.0,696.0
18101,4738,385,223,121,17,28.7,Allentown,746,6.0,809.0
18102,50702,4418,2898,1072,542,29.6,Allentown,8930,3.0,53.0
18103,46884,2923,4406,2389,1115,38.7,Allentown,10833,2.0,27.0
18104,44217,2469,4452,2346,2029,37.6,Allentown,11296,1.0,21.0
18106,6890,356,777,513,429,47.8,Allentown,2075,5.0,458.0
18109,17425,1242,1322,801,257,33.8,Allentown,3622,4.0,283.0
18201,26978,1584,1883,1916,550,37.9,Hazleton,5933,1.0,140.0
18202,11527,684,1412,742,474,44.4,Hazleton,3312,2.0,305.0
18210,7504,456,956,523,46,47.6,Albrightsville,1981,1.0,475.0
18211,1077,50,186,71,36,54.9,Andreas,343,1.0,1086.0
18212,86,0,25,9,5,62.5,Lehighton,39,2.0,1589.0
18214,1720,57,424,97,23,54.0,Barnesville,601,1.0,880.5
18216,1106,57,129,80,54,50.2,Beaver Meadows,320,1.0,1105.5
18218,2164,130,190,71,128,40.2,Coaldale,519,1.0,929.5
18219,1340,37,174,130,44,48.9,Conyngham,385,1.0,1049.5
18220,221,7,37,6,5,52.2,Delano Township,55,1.0,1522.0
18221,611,3,31,0,0,49.5,Freeland,34,2.0,1610.0
18222,9926,382,1284,518,250,44.8,Drums,2434,1.0,407.0
18224,6113,299,850,327,287,46.4,Freeland,1763,1.0,504.0
18229,9038,388,1548,400,132,49.0,Jim Thorpe,2468,1.0,404.0
18230,91,0,7,5,4,60.9,Junedale,16,1.0,1660.0
18231,429,47,7,19,10,33.5,McAdoo,83,2.0,1433.0
18232,3761,404,332,167,53,37.0,Lansford,956,1.0,720.0
18235,18904,856,2164,1013,696,47.5,Lehighton,4729,1.0,202.0
18237,3725,429,274,130,87,35.6,McAdoo,920,1.0,727.0
18240,3806,77,518,319,190,40.7,Nesquehoning,1104,1.0,675.0
18241,587,19,128,61,77,61.8,Nuremberg,285,1.0,1139.5
18242,372,24,26,3,3,37.0,Hazleton,56,3.0,1517.5
18244,287,23,50,10,5,47.6,Palmerton,88,3.0,1415.5
18245,242,0,160,13,16,69.3,Tamaqua,189,2.0,1241.0
18246,334,35,16,0,4,30.2,Rock Glen,55,1.0,1522.0
18248,634,0,54,43,23,40.3,Sheppton,120,1.0,1348.0
18249,3676,183,445,261,70,49.3,Sugarloaf,959,1.0,719.0
18250,2981,81,448,104,83,40.3,Summit Hill,716,1.0,817.5
18252,10720,508,1093,770,327,45.8,Tamaqua,2698,1.0,381.0
18254,1175,115,101,86,13,33.4,Tresckow,315,1.0,1112.0
18255,4411,127,495,356,190,45.0,Weatherly,1168,1.0,650.0
18256,368,0,50,27,5,45.1,Weston,82,1.0,1438.0
18301,29694,1388,2963,1169,375,39.5,East Stroudsburg,5895,1.0,145.0
18302,17499,936,1748,827,216,43.4,East Stroudsburg,3727,2.0,268.0
18321,1642,38,184,125,80,52.4,Bartonsville,427,1.0,1009.0
18322,3020,36,246,161,48,46.9,Brodheadsville,491,1.0,952.5
18324,9249,334,937,298,10,46.9,Bushkill,1579,1.0,541.5
18325,2684,185,209,122,13,35.0,Canadensis,529,1.0,923.0
18326,3041,140,308,192,23,47.2,Cresco,663,1.0,847.0
18327,577,13,74,22,8,47.4,Delaware Water Gap,117,1.0,1353.0
18328,7466,134,817,341,190,46.9,Dingmans Ferry,1482,1.0,569.0
18330,8635,355,591,276,0,42.3,Effort,1222,2.0,628.0
18331,628,47,103,152,9,64.0,Gilbert,311,1.0,1116.5
18332,3309,105,237,69,41,38.4,Henryville,452,1.0,985.5
18334,4471,195,423,440,34,45.4,Long Pond,1092,1.0,684.0
18335,788,41,18,40,27,46.2,East Stroudsburg,126,3.0,1334.5
18336,3800,110,461,355,220,52.0,Matamoras,1146,1.0,660.0
18337,14192,547,1644,961,251,43.8,Milford,3403,1.0,300.0
18340,211,0,16,0,0,31.3,Millrift,16,1.0,1660.0
18343,4010,153,472,174,39,49.6,Mount Bethel,838,1.0,763.0
18344,3780,31,290,377,50,43.1,Mount Pocono,748,1.0,806.5
18346,2322,93,215,31,28,43.6,Pocono Summit,367,1.0,1064.5
18347,2932,46,839,176,16,57.5,Pocono Lake,1077,1.0,688.0
18349,228,40,22,0,0,33.6,Swiftwater,62,2.0,1500.0
18350,927,71,138,204,18,50.9,Pocono Pines,431,1.0,1001.5
18351,549,54,24,6,15,34.6,Portland,99,1.0,1386.5
18352,940,0,306,163,0,64.9,Reeders,469,1.0,968.0
18353,12806,434,1560,563,221,51.0,Saylorsburg,2778,1.0,370.0
18354,1201,18,152,52,80,47.3,Sciota,302,1.0,1129.5
18360,27759,1080,3612,1592,741,43.8,Stroudsburg,7025,1.0,94.0
18370,1600,232,166,14,34,39.6,Swiftwater,446,1.0,994.0
18371,670,61,25,80,64,36.9,Tamiment,230,1.0,1198.5
18372,2926,217,385,94,105,44.3,Tannersville,801,1.0,778.0
18403,6768,394,625,388,135,43.8,Archbald,1542,1.0,552.0
18405,2712,109,368,129,66,49.3,Beach Lake,672,1.0,845.0
18407,13629,703,1717,746,473,43.5,Carbondale,3639,1.0,282.0
18411,21312,1092,2723,1619,658,44.7,Clarks Summit,6092,1.0,132.0
18413,189,5,110,0,0,65.5,Forest City,115,2.0,1358.0
18414,5461,284,797,327,124,48.0,Dalton,1532,1.0,555.0
18415,1491,45,405,65,58,56.4,Damascus,573,1.0,899.0
18417,1014,83,153,92,23,47.6,Equinunk,351,1.0,1079.0
18419,4632,234,539,269,136,38.3,Factoryville,1178,1.0,648.0
18421,4289,232,433,312,210,48.3,Forest City,1187,1.0,643.0
18424,5148,134,718,277,27,50.1,Gouldsboro,1156,1.0,655.5
18425,1059,34,174,53,20,51.5,Greeley,281,1.0,1145.0
18426,4091,182,549,449,116,52.7,Greentown,1296,1.0,612.0
18428,11668,322,2159,750,466,51.9,Hawley,3697,1.0,272.5
18431,12133,507,1753,891,383,46.0,Honesdale,3534,1.0,292.0
18433,6128,295,704,277,132,47.8,Jermyn,1408,1.0,583.5
18434,3772,308,364,149,119,42.7,Jessup,940,1.0,723.5
18435,878,21,214,62,21,49.8,Lackawaxen,318,1.0,1109.0
18436,12960,744,1965,798,359,49.6,Lake Ariel,3866,1.0,262.0
18437,214,21,44,13,3,50.6,Lake Como,81,1.0,1441.5
18438,1148,35,179,139,76,60.6,Lakeville,429,1.0,1004.0
18439,526,3,67,21,3,55.2,Lakewood,94,1.0,1398.0
18441,385,16,67,29,22,48.8,Lenoxville,134,1.0,1323.0
18443,269,17,50,9,12,45.1,Milanville,88,1.0,1415.5
18444,13938,493,1850,688,324,45.5,Moscow,3355,1.0,301.0
18445,2493,173,392,274,69,53.6,Newfoundland,908,1.0,729.0
18446,3048,96,501,268,41,51.4,Nicholson,906,1.0,732.0
18447,10503,642,1193,877,425,44.7,Olyphant,3137,1.0,324.5
18451,739,0,144,114,0,58.2,Paupack,258,1.0,1175.5
18452,4909,164,625,539,588,56.3,Peckville,1916,1.0,486.0
18453,1073,147,225,74,3,48.8,Pleasant Mount,449,1.0,990.0
18454,65,6,44,0,0,67.8,Union Dale,50,2.0,1547.5
18455,134,0,67,14,4,68.5,Preston Park,85,1.0,1425.0
18456,474,13,34,27,9,44.6,Prompton,83,1.0,1433.0
18458,2968,134,446,166,37,51.5,Shohola,783,1.0,786.0
18460,89,0,29,32,3,72.9,South Sterling,64,1.0,1492.0
18461,269,0,39,21,20,51.6,Starlight,80,1.0,1445.5
18462,414,2,39,23,2,46.0,Starrucca,66,1.0,1483.5
18463,286,7,81,11,8,46.4,Sterling Township,107,1.0,1370.0
18464,1291,50,197,64,101,52.9,Tafton,412,1.0,1027.0
18465,1208,65,174,81,34,47.8,Thompson,354,1.0,1077.0
18466,17531,1113,1281,662,287,38.5,Tobyhanna,3343,1.0,304.0
18469,279,12,33,179,0,76.7,Tyler Hill,224,1.0,1203.5
18470,1976,63,238,175,65,48.7,Union Dale,541,1.0,918.5
18471,722,115,81,13,0,42.1,Abington Township,209,1.0,1215.0
18472,7203,231,494,372,248,41.5,Waymart,1345,1.0,602.0
18473,501,37,57,0,0,43.1,Lake Ariel,94,2.0,1398.0
18503,1197,0,138,136,140,39.7,Scranton,414,8.0,1024.0
18504,20632,1291,1832,1056,420,41.1,Scranton,4599,2.0,208.0
18505,21671,1445,2450,1093,553,36.8,Scranton,5541,1.0,158.0
18507,5159,213,557,232,88,38.8,Moosic,1090,1.0,686.0
18508,12368,653,1389,596,407,37.2,Scranton,3045,3.0,336.0
18509,13786,650,1109,723,462,37.0,Scranton,2944,4.0,351.0
18510,13534,677,1199,474,457,30.4,Scranton,2807,5.0,368.0
18512,11550,366,1102,685,372,42.3,Scranton,2525,6.0,398.0
18517,4807,164,875,233,193,50.5,Taylor,1465,1.0,572.0
18518,7909,544,673,595,357,45.7,Old Forge,2169,1.0,444.0
18519,4997,284,529,321,76,42.8,Scranton,1210,7.0,634.0
18602,342,10,44,19,2,37.6,Bear Creek Township,75,1.0,1462.5
18603,19441,718,2343,1167,838,48.1,Berwick,5066,1.0,178.0
18610,5247,271,741,130,37,36.0,Blakeslee,1179,1.0,647.0
18612,18761,583,2049,853,769,43.1,Dallas,4254,1.0,238.0
18614,1937,85,354,138,73,57.2,Mehoopany,650,1.0,853.0
18615,1966,61,329,122,32,50.2,Falls Township,544,1.0,916.0
18616,734,15,138,87,18,60.2,Forksville,258,1.0,1175.5
18617,1813,88,209,56,8,37.7,Glen Lyon,361,1.0,1071.0
18618,3684,185,693,130,45,45.2,Harveys Lake,1053,1.0,692.0
18619,239,18,31,13,12,55.2,Hillsgrove,74,1.0,1467.0
18621,6261,246,631,451,157,46.2,Hunlock Creek,1485,1.0,566.5
18622,193,0,41,36,0,63.5,Huntington Mills,77,1.0,1453.5
18623,2559,120,282,169,34,45.0,Laceyville,605,1.0,878.0
18624,389,0,43,96,0,60.8,Lake Harmony,139,1.0,1311.0
18625,437,10,83,13,19,49.7,Factoryville,125,2.0,1337.0
18626,519,4,125,69,59,64.4,Muncy Valley,257,2.0,1177.5
18628,199,14,10,13,4,40.4,Lopez,41,1.0,1579.5
18629,1838,100,313,147,40,51.5,Mehoopany,600,2.0,882.0
18630,3086,160,406,166,46,44.7,Meshoppen,778,1.0,787.0
18631,973,22,76,68,60,50.6,Mifflinville,226,1.0,1202.0
18632,655,36,46,35,23,42.8,Mildred,140,1.0,1308.0
18634,13212,560,1345,833,489,43.6,Nanticoke,3227,1.0,313.0
18635,3790,254,477,175,205,44.3,Nescopeck,1111,1.0,674.0
18636,1343,54,208,101,32,49.3,Noxen,395,1.0,1039.0
18640,16917,768,1841,928,581,41.4,Pittston,4118,1.0,244.0
18641,7010,180,704,646,108,44.7,Pittston,1638,3.0,530.5
18642,3862,94,726,196,159,51.3,Duryea,1175,1.0,649.0
18643,13049,661,1493,775,502,45.9,Pittston,3431,2.0,299.0
18644,7715,469,1090,507,237,47.6,Wyoming,2303,1.0,430.0
18651,8987,625,992,464,194,46.0,Plymouth,2275,1.0,433.0
18653,200,0,9,0,3,42.1,Clarks Summit,12,2.0,1669.0
18655,5441,176,907,297,136,49.9,Shickshinny,1516,1.0,560.0
18656,2472,53,307,103,88,47.1,Sweet Valley,551,1.0,914.0
18657,11575,580,1406,694,349,45.8,Tunkhannock,3029,1.0,338.0
18660,3645,114,498,144,37,45.7,Wapwallopen,793,1.0,781.0
18661,5055,178,611,335,196,48.1,White Haven,1320,1.0,608.0
18701,3459,62,242,207,188,21.5,Wilkes-Barre,699,4.0,832.5
18702,40105,2487,3308,1985,1386,38.5,Wilkes-Barre,9166,1.0,50.0
18704,30181,1973,3562,1779,753,41.7,Kingston,8067,1.0,66.0
18705,14425,886,1522,845,444,41.6,Wilkes-Barre,3697,3.0,272.5
18706,15861,1241,1802,798,528,39.8,Wilkes-Barre,4369,2.0,228.0
18707,15891,696,1556,793,309,44.2,Mountain Top,3354,1.0,302.0
18708,8056,495,1083,636,148,48.5,Shavertown,2362,1.0,421.0
18709,2892,212,345,243,39,47.1,Luzerne,839,1.0,762.0
18801,8254,374,1034,631,216,48.0,Montrose,2255,1.0,435.5
18810,5707,303,754,479,191,46.0,Athens,1727,1.0,509.0
18812,1640,25,276,130,14,56.5,Silver Lake Township,445,1.0,995.0
18814,205,25,25,12,0,32.9,Towanda,62,2.0,1500.0
18816,101,0,28,11,3,64.2,Montrose,42,2.0,1574.5
18817,305,25,6,9,19,26.6,East Smithfield,59,1.0,1511.0
18818,1178,44,147,90,32,52.6,Friendsville,313,1.0,1114.0
18821,1203,46,149,109,25,46.8,Great Bend,329,1.0,1096.0
18822,3096,169,356,292,50,48.9,Hallstead,867,1.0,749.5
18823,194,9,13,13,17,49.7,Harford Township,52,1.0,1535.5
18824,1487,75,290,69,66,52.1,Hop Bottom,500,1.0,946.5
18826,1289,52,200,105,31,46.6,Kingsley,388,1.0,1043.5
18828,337,8,18,11,13,41.8,Lawton,50,1.0,1547.5
18829,656,20,83,52,16,55.0,Le Raysville,171,1.0,1273.0
18830,566,14,127,41,13,54.8,Little Meadows,195,1.0,1234.5
18831,1023,11,186,86,24,57.1,Milan,307,1.0,1122.5
18832,1944,124,261,91,23,43.4,Monroeton,499,1.0,949.5
18833,1902,54,265,107,114,52.7,New Albany,540,1.0,920.0
18834,3508,146,470,146,136,47.7,New Milford,898,1.0,737.5
18837,2899,179,270,165,81,41.2,Rome,695,1.0,835.5
18840,10756,565,1011,458,337,37.2,Sayre,2371,1.0,418.5
18842,209,7,47,0,0,49.8,South Gibson,54,1.0,1527.0
18843,185,14,0,23,0,32.7,Montrose,37,3.0,1595.0
18844,1944,79,369,86,38,50.3,Springville Township,572,1.0,900.0
18845,345,17,88,20,24,55.3,Stevensville,149,1.0,1296.0
18846,951,46,127,71,13,45.9,Sugar Run,257,1.0,1177.5
18847,6011,482,662,375,202,43.2,Susquehanna,1721,1.0,511.0
18848,8703,601,1126,628,392,47.1,Towanda,2747,1.0,375.5
18850,1965,99,269,101,38,49.0,Ulster,507,1.0,938.5
18851,624,27,72,54,17,51.0,Warren Center,170,1.0,1274.5
18853,4332,322,555,248,107,45.2,Wyalusing,1232,1.0,624.0
18854,1715,90,166,128,13,45.4,Wysox,397,1.0,1038.0
18901,27875,981,3126,1630,1070,43.8,Doylestown,6807,1.0,105.0
18902,21625,938,1929,963,158,44.5,Doylestown,3988,2.0,255.0
18914,21888,1016,1879,977,341,44.3,Chalfont,4213,1.0,239.0
18915,744,25,76,13,26,43.3,Colmar,140,1.0,1308.0
18917,2110,61,164,62,16,42.6,Dublin,303,1.0,1128.0
18920,205,0,39,32,0,54.5,Erwinna,71,1.0,1473.5
18923,1235,94,93,0,0,38.8,Fountainville,187,1.0,1246.5
18925,6825,395,636,350,158,43.2,Furlong,1539,1.0,554.0
18929,10136,808,603,392,194,38.7,Jamison,1997,1.0,474.0
18930,2454,103,383,109,73,54.5,Kintnersville,668,1.0,846.0
18932,311,14,119,18,0,63.0,Line Lexington,151,1.0,1290.5
18938,13560,279,2232,1220,409,56.0,New Hope,4140,1.0,243.0
18940,29164,1539,3286,1648,701,46.4,Newtown,7174,1.0,88.0
18942,2805,36,626,119,78,54.9,Ottsville,859,1.0,753.5
18944,26301,828,2547,1188,416,42.4,Perkasie,4979,1.0,183.0
18947,6356,48,613,507,174,51.5,Pipersville,1342,1.0,603.0
18950,204,0,41,11,22,55.3,Point Pleasant,74,1.0,1467.0
18951,35331,1877,3367,1926,717,42.9,Quakertown,7887,1.0,69.0
18954,11456,388,3586,365,241,56.5,Richboro,4580,1.0,210.0
18955,1414,66,106,134,75,45.7,Richlandtown,381,1.0,1053.5
18960,11484,388,1222,1305,349,49.7,Sellersville,3264,1.0,309.0
18962,361,22,60,26,0,49.6,Silverdale,108,1.0,1368.0
18964,14307,1111,1270,969,290,41.7,Souderton,3640,1.0,281.0
18966,35147,1671,4418,2365,1328,48.1,Southampton,9782,1.0,37.0
18969,14930,1013,1745,788,458,42.8,Telford,4004,1.0,254.0
18970,665,29,62,47,0,42.3,Trumbauersville,138,1.0,1314.0
18972,3220,141,581,170,51,53.9,Upper Black Eddy,943,1.0,722.0
18974,40405,1416,4502,4388,2338,48.0,Warminster,12644,1.0,11.0
18976,20313,995,2015,1318,657,45.1,Warrington Township,4985,1.0,182.0
18977,4395,175,653,280,22,53.1,Washington Crossing,1130,1.0,668.0
18980,438,4,37,27,0,52.5,Furlong,68,2.0,1478.5
19001,16871,1242,1503,597,428,39.1,Abington,3770,1.0,266.0
19002,31166,1415,3399,1516,689,45.8,Ambler,7019,1.0,95.0
19003,13641,980,1189,626,270,37.5,Ardmore,3065,1.0,333.0
19004,9246,476,1134,532,727,44.2,Bala Cynwyd,2869,1.0,361.0
19006,21897,936,2466,1434,1075,46.3,Huntingdon Valley,5911,1.0,142.0
19007,21443,1540,1923,1009,406,37.0,Bristol,4878,1.0,192.0
19008,20240,1389,2231,1383,850,44.7,Broomall,5853,1.0,148.0
19009,885,4,57,54,43,35.2,Bryn Athyn,158,1.0,1284.0
19010,21783,993,2153,1156,598,35.6,Bryn Mawr,4900,1.0,190.0
19012,6749,254,628,361,115,42.1,Cheltenham,1358,1.0,598.0
19013,35113,2680,2768,1237,589,31.5,Chester,7274,1.0,85.0
19014,21012,1233,1976,1045,492,40.8,Aston,4746,1.0,200.0
19015,16647,1028,1194,882,355,37.7,Brookhaven,3459,1.0,295.0
19017,206,23,56,9,12,43.7,Chester Heights,100,1.0,1383.5
19018,23009,1590,2371,713,417,38.4,Clifton Heights,5091,1.0,176.0
19020,54850,3005,5336,2519,745,40.0,Bensalem,11605,1.0,17.0
19021,9714,518,776,347,52,39.0,Croydon,1693,1.0,518.5
19022,3986,269,457,117,22,33.5,Crum Lynne,865,1.0,752.0
19023,22087,1051,1235,768,516,33.8,Darby Township,3570,1.0,288.0
19025,6545,609,824,295,314,43.1,Dresher,2042,1.0,463.0
19026,30357,2226,2570,1225,481,37.0,Drexel Hill,6502,1.0,122.0
19027,19216,671,2054,1062,552,40.5,Elkins Park,4339,1.0,230.0
19029,4027,197,315,222,103,36.9,Essington,837,1.0,764.0
19030,11989,618,1138,926,193,42.7,Fairless Hills,2875,1.0,357.0
19031,4390,220,548,303,171,46.0,Flourtown,1242,1.0,620.5
19032,6629,752,413,108,193,33.3,Folcroft,1466,1.0,571.0
19033,8360,598,504,471,175,37.1,Folsom,1748,1.0,506.0
19034,6107,398,684,366,197,42.0,Fort Washington,1645,1.0,529.0
19035,3936,174,350,346,221,47.9,Gladwyne,1091,1.0,685.0
19036,12984,1120,1073,554,240,38.1,Glenolden,2987,1.0,343.0
19038,31615,1983,3137,1429,606,40.9,Glenside,7155,1.0,89.0
19040,22092,1399,3018,1214,682,41.3,Hatboro,6313,1.0,128.0
19041,6277,121,851,531,405,50.5,Haverford,1908,1.0,488.0
19043,2828,166,143,174,37,50.0,Holmes,520,1.0,928.0
19044,16216,973,1376,463,84,34.5,Horsham,2896,1.0,354.0
19046,17961,648,1774,1028,1100,46.6,Jenkintown,4550,1.0,211.0
19047,33199,1591,3601,2061,1230,44.6,Langhorne,8483,1.0,62.0
19050,27485,1430,3229,1129,577,42.1,Lansdowne,6365,1.0,125.0
19053,26498,1412,2864,1211,428,42.8,Trevose,5915,1.0,141.0
19054,17040,961,1195,649,353,36.5,Levittown,3158,3.0,322.0
19055,13672,951,1152,595,160,39.4,Levittown,2858,4.0,363.0
19056,16153,901,1078,634,641,40.8,Levittown,3254,2.0,310.0
19057,17240,1098,1473,558,315,38.7,Levittown,3444,1.0,296.0
19060,11227,289,1044,639,254,46.7,Garnet Valley,2226,1.0,439.0
19061,20525,666,2544,867,382,38.7,Marcus Hook,4459,1.0,219.0
19063,35439,1921,4309,2304,1985,47.3,Media,10519,1.0,29.0
19064,25356,1418,2628,1419,747,42.5,Springfield,6212,1.0,129.0
19066,5319,273,728,323,40,43.9,Merion Station,1364,1.0,594.5
19067,52519,2491,5757,2086,622,43.5,Morrisville,10956,1.0,25.0
19070,6625,307,686,298,123,39.9,Morton,1414,1.0,581.0
19072,10008,575,1084,634,170,44.2,Narberth,2463,1.0,406.0
19073,20421,1407,2351,1327,1237,45.9,Newtown Square,6322,1.0,127.0
19074,5957,148,407,224,80,41.1,Norwood,859,1.0,753.5
19075,7600,547,530,478,139,41.0,Oreland,1694,1.0,516.5
19076,6559,447,579,208,209,38.2,Prospect Park,1443,1.0,576.0
19078,11379,653,1026,593,301,40.8,Ridley Park,2573,1.0,393.0
19079,9068,559,698,221,196,33.8,Sharon Hill,1674,1.0,526.0
19081,10075,575,855,578,323,37.2,Swarthmore,2331,1.0,428.0
19082,42670,2911,2835,829,301,33.1,Upper Darby,6876,1.0,102.0
19083,36110,2745,3699,1482,869,39.9,Havertown,8795,1.0,56.0
19085,8981,304,768,215,73,21.2,Villanova,1360,1.0,596.5
19086,12142,699,1016,614,353,43.1,Nether Providence Township,2682,1.0,383.0
19087,32592,1708,3112,1527,539,40.0,Wayne,6886,1.0,101.0
19090,18202,1226,1590,816,456,38.0,Willow Grove,4088,1.0,247.0
19094,4280,187,451,151,39,37.7,Woodlyn,828,1.0,768.0
19095,7515,261,1195,296,320,43.6,Wyncote,2072,1.0,459.0
19096,14262,1046,1764,1040,490,44.7,Wynnewood,4340,1.0,229.0
19102,5335,33,491,276,129,32.0,Philadelphia,929,45.0,725.0
19103,25113,668,2610,1491,1229,35.1,Philadelphia,5998,28.0,138.0
19104,52480,2224,2065,983,723,22.8,Philadelphia,5995,29.0,139.0
19106,13536,362,1319,909,293,38.5,Philadelphia,2883,39.0,356.0
19107,14689,227,764,410,311,31.2,Philadelphia,1712,43.0,512.0
19111,67159,4899,6274,3020,1662,37.2,Philadelphia,15855,1.0,1.0
19113,82,7,30,0,0,58.3,Philadelphia,37,47.0,1595.0
19114,31448,1912,3255,1849,654,40.8,Philadelphia,7670,19.0,76.0
19115,35504,2446,4459,2647,1567,44.2,Philadelphia,11119,7.0,23.0
19116,33976,1757,3596,2491,1064,43.5,Philadelphia,8908,16.0,54.0
19118,10826,643,1433,625,415,45.8,Philadelphia,3116,37.0,326.0
19119,29055,2024,2946,1661,950,42.3,Philadelphia,7581,20.0,79.0
19120,74270,6498,6119,2128,348,33.3,Philadelphia,15093,2.0,4.0
19121,31664,2015,1730,837,381,26.8,Philadelphia,4963,32.0,186.0
19122,21067,904,1105,544,167,27.5,Philadelphia,2720,40.0,378.0
19123,17793,965,1271,537,263,32.8,Philadelphia,3036,38.0,337.0
19124,71858,6074,3921,1885,792,32.1,Philadelphia,12672,4.0,10.0
19125,25705,1781,1641,486,150,32.7,Philadelphia,4058,35.0,250.0
19126,16609,702,1789,629,478,38.9,Philadelphia,3598,36.0,286.0
19127,5610,274,190,82,37,28.7,Philadelphia,583,46.0,890.0
19128,37677,1996,2861,1995,1108,35.9,Philadelphia,7960,17.0,68.0
19129,11408,931,940,547,98,33.8,Philadelphia,2516,41.0,399.0
19130,28010,1207,2083,1147,605,33.4,Philadelphia,5042,31.0,179.0
19131,44649,2626,3786,2439,997,33.9,Philadelphia,9848,10.0,34.0
19132,29850,1728,2470,1710,576,40.4,Philadelphia,6484,27.0,123.0
19133,26705,1425,1851,687,302,35.2,Philadelphia,4265,34.0,236.0
19134,61615,5205,3374,1547,325,31.4,Philadelphia,10451,9.0,30.0
19135,36102,3165,2057,1013,468,33.0,Philadelphia,6703,24.0,110.0
19136,34962,2598,2616,1109,676,35.4,Philadelphia,6999,22.0,97.0
19137,8652,647,716,241,85,38.7,Philadelphia,1689,44.0,520.5
19138,33711,1595,2737,1489,782,36.5,Philadelphia,6603,25.0,118.0
19139,45198,3489,3700,1535,669,33.5,Philadelphia,9393,12.0,43.0
19140,52608,4279,4184,2347,699,35.7,Philadelphia,11509,5.0,18.0
19141,34115,2136,3328,1699,637,35.1,Philadelphia,7800,18.0,72.0
19142,29864,2095,1595,629,197,31.8,Philadelphia,4516,33.0,214.0
19143,62927,4464,4807,2432,1644,33.1,Philadelphia,13347,3.0,9.0
19144,44968,3252,3488,1878,628,33.9,Philadelphia,9246,14.0,47.5
19145,44508,2526,4283,1904,979,37.9,Philadelphia,9692,11.0,40.5
19146,40635,2766,2633,937,630,33.3,Philadelphia,6966,23.0,99.0
19147,38809,2415,3019,1070,598,35.7,Philadelphia,7102,21.0,93.0
19148,51754,3382,3993,2446,1142,36.2,Philadelphia,10963,8.0,24.0
19149,58811,4818,4016,1638,690,33.5,Philadelphia,11162,6.0,22.0
19150,22916,1345,3113,1517,578,42.8,Philadelphia,6553,26.0,121.0
19151,32306,1809,2785,848,424,34.6,Philadelphia,5866,30.0,147.0
19152,37436,2929,3366,1838,1192,40.1,Philadelphia,9325,13.0,45.0
19153,12909,282,1278,618,222,38.2,Philadelphia,2400,42.0,413.5
19154,34946,2905,2908,2194,960,38.8,Philadelphia,8967,15.0,52.0
19301,6689,314,846,498,177,45.7,Paoli,1835,1.0,499.0
19310,3207,399,141,91,47,29.3,Atglen,678,1.0,843.0
19311,9541,780,763,304,167,36.6,Avondale,2014,1.0,467.0
19312,11338,428,1338,669,211,45.9,Berwyn,2646,1.0,390.0
19316,229,0,8,31,0,43.0,Coatesville,39,3.0,1589.0
19317,10043,446,1029,737,176,45.4,Chadds Ford Historic District,2388,1.0,416.0
19319,426,0,39,18,0,20.4,Cheyney,57,1.0,1516.0
19320,55219,3464,5161,2364,1291,40.6,Coatesville,12280,1.0,13.0
19330,5726,246,611,257,52,48.3,Cochranville,1166,1.0,652.0
19333,6893,409,482,388,359,41.4,Devon,1638,1.0,530.5
19335,48272,2561,4328,1508,849,41.1,Downingtown,9246,1.0,47.5
19341,19133,1325,2163,798,312,39.3,Exton,4598,1.0,209.0
19342,20069,546,1825,1557,1686,47.5,Glen Mills,5614,1.0,154.0
19343,7553,199,827,410,137,45.3,Glenmoore,1573,1.0,546.0
19344,12145,651,959,1120,580,42.5,Honey Brook,3310,1.0,306.0
19348,23636,1146,2682,1488,851,43.5,Kennett Square,6167,1.0,130.0
19350,11606,697,1343,450,44,43.9,Landenberg,2534,1.0,396.0
19352,11432,545,613,333,85,34.4,Lincoln University,1576,1.0,544.5
19355,26920,1362,2321,1354,531,41.4,Malvern,5568,1.0,155.0
19358,633,45,7,5,4,31.3,Coatesville,61,2.0,1503.5
19362,5844,329,667,423,111,42.4,Nottingham,1530,1.0,556.5
19363,17170,1185,1559,571,259,37.2,Oxford,3574,1.0,287.0
19365,7496,582,651,243,85,36.2,Parkesburg,1561,1.0,548.0
19372,2042,101,123,289,12,41.9,Thorndale,525,1.0,925.0
19373,4389,173,239,89,0,37.3,Thornton,501,1.0,943.0
19380,50501,2176,5821,2943,1679,42.8,West Chester,12619,1.0,12.0
19382,54748,2705,6037,2352,871,39.2,West Chester,11965,2.0,15.0
19390,13821,863,1443,747,507,40.3,West Grove,3560,1.0,289.0
19401,41287,3247,3194,1589,980,35.3,Norristown,9010,2.0,51.0
19403,46794,2325,4820,2758,1512,44.5,Norristown,11415,1.0,20.0
19405,4648,347,261,124,16,32.8,Bridgeport,748,1.0,806.5
19406,26631,1543,2241,1407,582,36.8,King of Prussia,5773,1.0,150.0
19422,19018,1078,2080,1454,924,44.8,Blue Bell,5536,1.0,159.0
19425,16445,983,1034,299,84,40.2,Chester Springs,2400,1.0,413.5
19426,40870,1829,3024,1281,516,41.1,Collegeville,6650,1.0,116.0
19428,18215,712,1536,552,250,33.3,Conshohocken,3050,1.0,334.0
19436,722,19,83,180,207,75.6,Gwynedd,489,1.0,954.0
19437,1091,26,107,46,76,47.0,Ambler,255,2.0,1180.0
19438,24812,1189,2354,1107,906,44.9,Harleysville,5556,1.0,157.0
19440,19218,920,1967,843,293,39.3,Hatfield,4023,1.0,252.0
19444,10855,572,1065,689,657,42.6,Lafayette Hill,2983,1.0,344.0
19446,58570,2738,6263,3749,2514,43.7,Lansdale,15264,1.0,3.0
19453,1691,71,110,109,30,51.2,Mont Clare,320,1.0,1105.5
19454,27562,1219,2541,1411,974,44.5,North Wales,6145,1.0,131.0
19456,869,0,22,17,14,41.4,Oaks,53,1.0,1530.5
19460,41615,2697,3373,2260,499,37.2,Phoenixville,8829,1.0,55.0
19462,15203,978,1485,972,429,41.7,Plymouth Meeting,3864,1.0,264.0
19464,47040,3016,3744,1864,1266,38.3,Pottstown,9890,1.0,33.0
19465,17750,863,1549,852,601,44.3,Pottstown,3865,2.0,263.0
19468,25284,1344,2152,1092,583,40.3,Royersford,5171,1.0,169.0
19473,17910,454,1217,723,287,41.1,Schwenksville,2681,1.0,384.0
19474,344,0,44,16,0,57.6,Collegeville,60,2.0,1507.0
19475,11457,865,822,489,256,39.1,Spring City,2432,1.0,408.0
19492,456,0,47,107,233,85.1,Zieglersville,387,1.0,1046.5
19501,1145,87,96,33,0,33.0,Adamstown,216,1.0,1208.5
19503,1410,51,117,72,58,38.8,Bally,298,1.0,1133.0
19504,4599,203,522,329,221,51.5,Barto,1275,1.0,615.0
19505,3546,65,809,279,42,53.1,Bechtelsville,1195,1.0,640.0
19506,7034,345,982,316,100,47.6,Bernville,1743,1.0,507.0
19507,3358,173,312,127,8,35.2,Bethel,620,1.0,869.5
19508,15523,939,1663,832,248,43.0,Birdsboro,3682,1.0,275.0
19510,8949,325,569,285,240,42.3,Blandon,1419,1.0,580.0
19512,16736,890,2150,978,441,47.2,Boyertown,4459,1.0,219.0
19518,15619,841,1545,800,364,42.0,Douglassville,3550,1.0,291.0
19520,5889,287,988,390,334,51.8,Elverson,1999,1.0,473.0
19522,13531,499,1557,816,237,47.2,Fleetwood,3109,1.0,327.0
19523,95,22,0,14,0,57.1,Birdsboro,36,2.0,1600.5
19525,17148,1280,1447,482,232,39.0,Gilbertsville,3441,1.0,297.0
19526,11415,380,1322,677,281,45.5,Hamburg,2660,1.0,386.0
19529,4028,242,564,154,807,54.8,Kempton,1767,1.0,503.0
19530,15939,787,1110,691,400,27.3,Kutztown,2988,1.0,342.0
19533,8378,277,884,444,442,45.9,Leesport,2047,1.0,461.0
19534,1597,127,159,115,26,46.9,Lenhartsville,427,1.0,1009.0
19536,552,30,71,15,6,45.0,Lyon Station,122,1.0,1343.0
19539,4740,309,547,224,116,47.2,Mertztown,1196,1.0,639.0
19540,11342,777,1121,508,154,44.9,Mohnton,2560,1.0,394.0
19541,4598,305,569,186,54,44.3,Mohrsville,1114,1.0,673.0
19543,5816,222,366,247,72,41.1,Morgantown,907,1.0,730.5
19544,159,5,31,4,3,51.0,Myerstown,43,2.0,1569.5
19545,1015,0,0,0,0,32.5,Boyertown,0,2.0,1686.0
19547,4684,228,342,476,47,40.9,Oley,1093,1.0,683.0
19549,373,27,25,22,1,36.8,Port Clinton,75,1.0,1462.5
19550,602,39,36,18,0,40.0,Rehrersburg,93,1.0,1402.0
19551,4524,188,490,175,113,45.9,Robesonia,966,1.0,716.5
19554,436,9,27,10,14,42.4,Hamburg,60,2.0,1507.0
19555,3344,169,388,195,55,47.1,Shoemakersville,807,1.0,776.0
19559,322,52,11,9,11,28.4,Strausstown,83,1.0,1433.0
19560,8170,340,843,541,283,45.6,Temple,2007,1.0,469.5
19562,2602,100,305,227,188,45.8,Topton,820,1.0,773.0
19564,66,0,0,0,0,47.4,Virginville,0,1.0,1686.0
19565,8789,515,1541,422,415,46.6,Wernersville,2893,1.0,355.0
19567,5628,351,527,285,110,36.7,Womelsdorf,1273,1.0,616.0
19601,33382,2967,2364,936,412,31.4,Reading,6679,2.0,114.0
19602,16410,1420,1094,529,174,32.1,Reading,3217,8.0,314.0
19604,29069,1986,1541,822,260,28.5,Reading,4609,7.0,207.0
19605,18863,1082,1805,1253,677,42.6,Reading,4817,6.0,196.0
19606,35750,1852,3545,1640,667,40.7,Reading,7704,1.0,75.0
19607,22985,1256,2466,1252,903,40.7,Reading,5877,3.0,146.0
19608,23304,1371,2450,1217,376,44.3,Reading,5414,4.0,162.0
19609,10066,655,865,629,272,35.7,Reading,2421,10.0,411.0
19610,15871,559,1950,1514,909,46.1,Reading,4932,5.0,189.0
19611,10707,898,904,510,338,34.5,Reading,2650,9.0,388.0
